timestamp,value,sensor_id
2024-02-07 12:55:52.565+01,4.52,6
2024-02-07 13:00:58.301+01,4.54,6
2024-02-07 13:06:04.027+01,4.54,6
2024-02-07 13:11:09.821+01,4.53,6
2024-02-07 13:16:15.704+01,4.54,6
2024-02-07 13:21:21.462+01,4.54,6
2024-02-07 13:26:27.666+01,4.53,6
2024-02-07 13:31:33.234+01,4.55,6
2024-02-07 13:36:38.971+01,4.54,6
2024-02-07 13:41:44.768+01,4.5,6
2024-02-07 13:46:50.884+01,4.47,6
2024-02-07 13:51:56.568+01,4.49,6
2024-02-07 13:57:02.357+01,4.48,6
2024-02-07 14:02:08.198+01,4.47,6
2024-02-07 14:07:13.99+01,4.41,6
2024-02-07 14:12:19.861+01,4.49,6
2024-02-07 14:17:25.577+01,4.49,6
2024-02-07 14:22:31.354+01,4.49,6
2024-02-07 14:27:37.227+01,4.5,6
2024-02-07 14:32:43.081+01,4.52,6
2024-02-07 14:37:49.03+01,4.52,6
2024-02-07 14:42:54.982+01,4.52,6
2024-02-07 14:48:00.62+01,4.54,6
2024-02-07 14:53:06.319+01,4.53,6
2024-02-07 14:58:12.116+01,4.48,6
2024-02-07 15:03:17.89+01,4.49,6
2024-02-07 15:08:23.686+01,4.5,6
2024-02-07 15:13:29.422+01,4.48,6
2024-02-07 15:18:35.389+01,4.49,6
2024-02-07 15:23:41.209+01,4.48,6
2024-02-07 15:28:46.969+01,4.53,6
2024-02-07 15:33:52.637+01,4.52,6
2024-02-07 15:38:58.316+01,4.51,6
2024-02-07 15:44:04.174+01,4.53,6
2024-02-07 15:49:10.167+01,4.54,6
2024-02-07 15:54:16.023+01,4.53,6
2024-02-07 15:59:21.688+01,4.52,6
2024-02-07 16:04:27.707+01,4.53,6
2024-02-07 16:09:33.471+01,4.55,6
2024-02-07 16:14:39.131+01,4.53,6
2024-02-07 16:19:44.988+01,4.54,6
2024-02-07 16:24:50.849+01,4.52,6
2024-02-07 16:29:56.622+01,4.49,6
2024-02-07 16:35:02.442+01,4.52,6
2024-02-07 16:45:14.021+01,4.52,6
2024-02-07 16:50:19.822+01,4.53,6
2024-02-07 16:55:25.557+01,4.49,6
2024-02-07 17:00:31.303+01,4.46,6
2024-02-07 17:05:37.008+01,4.47,6
2024-02-07 17:10:42.791+01,4.48,6
2024-02-07 17:15:48.708+01,4.49,6
2024-02-07 17:20:54.451+01,4.49,6
2024-02-07 17:26:00.416+01,4.51,6
2024-02-07 17:31:06.256+01,4.52,6
2024-02-07 17:36:12.046+01,4.54,6
2024-02-07 17:41:17.875+01,4.54,6
2024-02-07 17:46:23.67+01,4.54,6
2024-02-07 17:51:29.445+01,4.54,6
2024-02-07 17:56:35.388+01,4.55,6
2024-02-07 18:01:41.022+01,4.53,6
2024-02-07 18:06:46.767+01,4.52,6
2024-02-07 18:11:52.598+01,4.53,6
2024-02-07 18:16:58.39+01,4.51,6
2024-02-07 18:22:04.315+01,4.48,6
2024-02-07 18:27:10.026+01,4.49,6
2024-02-07 18:32:15.871+01,4.49,6
2024-02-07 18:37:21.823+01,4.48,6
2024-02-07 18:42:27.585+01,4.48,6
2024-02-07 18:47:33.332+01,4.47,6
2024-02-07 18:52:39.299+01,4.48,6
2024-02-07 18:57:44.99+01,4.52,6
2024-02-07 19:02:50.829+01,4.53,6
2024-02-07 19:07:56.745+01,4.52,6
2024-02-07 19:13:02.689+01,4.54,6
2024-02-07 19:18:09.045+01,4.54,6
2024-02-07 19:23:14.187+01,4.54,6
2024-02-07 19:28:20.083+01,4.53,6
2024-02-07 19:33:25.901+01,4.49,6
2024-02-07 19:38:31.707+01,4.48,6
2024-02-07 19:43:37.487+01,4.47,6
2024-02-07 19:53:49.15+01,4.5,6
2024-02-07 19:58:54.891+01,4.51,6
2024-02-07 20:04:01.747+01,4.52,6
2024-02-07 20:09:06.696+01,4.53,6
2024-02-07 20:14:13.227+01,4.54,6
2024-02-07 20:19:18.346+01,4.53,6
2024-02-07 20:24:23.911+01,4.52,6
2024-02-07 20:29:29.841+01,4.49,6
2024-02-07 20:34:35.729+01,4.51,6
2024-02-07 20:39:41.464+01,4.57,6
2024-02-07 20:44:47.303+01,4.53,6
2024-02-07 20:49:53.243+01,4.49,6
2024-02-07 20:54:58.872+01,4.54,6
2024-02-07 21:00:04.667+01,4.51,6
2024-02-07 21:05:10.396+01,4.56,6
2024-02-07 21:10:16.281+01,4.52,6
2024-02-07 21:15:22.083+01,4.54,6
2024-02-07 21:20:28.037+01,4.49,6
2024-02-07 21:25:33.815+01,4.46,6
2024-02-07 21:30:40.427+01,4.52,6
2024-02-07 21:35:45.66+01,4.54,6
2024-02-07 21:40:51.484+01,4.54,6
2024-02-07 21:45:57.296+01,4.53,6
2024-02-07 21:51:03.045+01,4.54,6
2024-02-07 21:56:08.854+01,4.54,6
2024-02-07 22:01:14.584+01,4.5,6
2024-02-07 22:06:20.373+01,4.46,6
2024-02-07 22:11:25.946+01,4.49,6
2024-02-07 22:16:31.828+01,4.52,6
2024-02-07 22:21:37.711+01,4.53,6
2024-02-07 22:26:43.638+01,4.55,6
2024-02-07 22:31:49.25+01,4.54,6
2024-02-07 22:36:55.016+01,4.53,6
2024-02-07 22:42:00.943+01,4.53,6
2024-02-07 22:47:06.767+01,4.47,6
2024-02-07 22:52:12.635+01,4.51,6
2024-02-07 22:57:18.483+01,4.52,6
2024-02-07 23:02:24.179+01,4.53,6
2024-02-07 23:07:29.956+01,4.53,6
2024-02-07 23:12:35.752+01,4.49,6
2024-02-07 23:17:41.667+01,4.51,6
2024-02-07 23:22:47.392+01,4.54,6
2024-02-07 23:27:53.199+01,4.53,6
2024-02-07 23:32:59.038+01,4.51,6
2024-02-07 23:38:04.721+01,4.53,6
2024-02-07 23:43:10.52+01,4.54,6
2024-02-07 23:48:16.227+01,4.55,6
2024-02-07 23:53:21.971+01,4.54,6
2024-02-07 23:58:27.875+01,4.54,6
2024-02-08 00:03:33.766+01,4.55,6
2024-02-08 00:08:39.627+01,4.5,6
2024-02-08 00:13:45.397+01,4.48,6
2024-02-08 00:18:51.154+01,4.53,6
2024-02-08 00:23:56.969+01,4.53,6
2024-02-08 00:29:02.642+01,4.54,6
2024-02-08 00:34:08.489+01,4.54,6
2024-02-08 00:39:14.439+01,4.47,6
2024-02-08 00:44:20.66+01,4.53,6
2024-02-08 00:49:26.163+01,4.53,6
2024-02-08 00:54:32.031+01,4.54,6
2024-02-08 00:59:37.785+01,4.47,6
2024-02-07 12:55:52.665+01,582.887,10
2024-02-07 13:00:58.382+01,594.558,10
2024-02-07 13:06:04.742+01,591.783,10
2024-02-07 13:11:09.985+01,568.617,10
2024-02-07 13:16:15.958+01,546.05,10
2024-02-07 13:21:21.544+01,539.746,10
2024-02-07 13:26:27.752+01,532.596,10
2024-02-07 13:31:33.394+01,525.608,10
2024-02-07 13:36:39.24+01,521.523,10
2024-02-07 13:41:44.922+01,525.093,10
2024-02-07 13:46:50.993+01,521.205,10
2024-02-07 13:51:56.693+01,521.202,10
2024-02-07 13:57:02.453+01,513.92,10
2024-02-07 14:02:08.325+01,509.002,10
2024-02-07 14:07:14.096+01,505.978,10
2024-02-07 14:12:20.017+01,508.96,10
2024-02-07 14:17:25.734+01,506.972,10
2024-02-07 14:22:31.558+01,516.323,10
2024-02-07 14:27:37.318+01,502.246,10
2024-02-07 14:32:43.146+01,503.217,10
2024-02-07 14:37:49.19+01,508.849,10
2024-02-07 14:42:55.118+01,504.086,10
2024-02-07 14:48:00.727+01,495.308,10
2024-02-07 14:53:06.574+01,498.966,10
2024-02-07 14:58:12.221+01,505.018,10
2024-02-07 15:03:18.031+01,497.467,10
2024-02-07 15:08:23.799+01,490.698,10
2024-02-07 15:13:29.493+01,486.805,10
2024-02-07 15:18:35.486+01,489.203,10
2024-02-07 15:23:41.294+01,492.755,10
2024-02-07 15:28:47.28+01,487.443,10
2024-02-07 15:33:52.734+01,489.873,10
2024-02-07 15:38:58.389+01,484.375,10
2024-02-07 15:44:04.262+01,485.893,10
2024-02-07 15:49:10.261+01,492.091,10
2024-02-07 15:54:16.152+01,491.285,10
2024-02-07 15:59:21.768+01,495.243,10
2024-02-07 16:04:27.801+01,493.823,10
2024-02-07 16:09:33.912+01,491.588,10
2024-02-07 16:14:39.203+01,622.299,10
2024-02-07 16:19:45.086+01,520.867,10
2024-02-07 16:24:50.965+01,508.811,10
2024-02-07 16:29:56.714+01,647.439,10
2024-02-07 16:35:02.622+01,596.574,10
2024-02-07 16:45:14.174+01,524.306,10
2024-02-07 16:50:19.897+01,524.126,10
2024-02-07 16:55:26.105+01,522.928,10
2024-02-07 17:00:31.367+01,528.052,10
2024-02-07 17:05:37.106+01,526.379,10
2024-02-07 17:10:42.881+01,528.519,10
2024-02-07 12:55:53.019+01,23.09,9
2024-02-07 17:15:48.856+01,527.348,10
2024-02-07 17:20:54.684+01,536.071,10
2024-02-07 17:26:00.512+01,540.568,10
2024-02-07 13:00:58.542+01,23.01,9
2024-02-07 17:31:06.331+01,539.512,10
2024-02-07 13:06:04.959+01,23.02,9
2024-02-07 17:36:12.319+01,545.805,10
2024-02-07 13:11:10.168+01,23.01,9
2024-02-07 17:41:17.974+01,543.088,10
2024-02-07 13:16:16.173+01,23,9
2024-02-07 17:46:23.789+01,548.191,10
2024-02-07 13:21:21.694+01,22.98,9
2024-02-07 17:51:29.526+01,548.091,10
2024-02-07 13:26:28.24+01,22.97,9
2024-02-07 17:56:35.533+01,547.907,10
2024-02-07 13:31:33.644+01,22.95,9
2024-02-07 18:01:41.151+01,545.416,10
2024-02-07 13:36:39.54+01,22.93,9
2024-02-07 18:06:46.9+01,548.725,10
2024-02-07 13:41:45.064+01,22.91,9
2024-02-07 18:11:52.776+01,554.136,10
2024-02-07 13:46:51.126+01,22.91,9
2024-02-07 18:16:58.465+01,554.318,10
2024-02-07 18:22:04.418+01,548.396,10
2024-02-07 13:51:57.312+01,22.9,9
2024-02-07 18:27:10.107+01,544.157,10
2024-02-07 13:57:02.903+01,22.9,9
2024-02-07 18:32:15.979+01,547.364,10
2024-02-07 14:02:08.528+01,22.89,9
2024-02-07 18:37:22.024+01,542.38,10
2024-02-07 14:07:14.263+01,22.87,9
2024-02-07 18:42:27.696+01,539.732,10
2024-02-07 14:12:20.344+01,22.87,9
2024-02-07 18:47:33.824+01,577.169,10
2024-02-07 14:17:25.876+01,22.87,9
2024-02-07 18:52:39.577+01,551.729,10
2024-02-07 14:22:31.927+01,22.84,9
2024-02-07 18:57:45.345+01,543.075,10
2024-02-07 14:27:37.527+01,22.84,9
2024-02-07 19:02:50.921+01,543.479,10
2024-02-07 14:32:43.456+01,22.82,9
2024-02-07 19:07:56.816+01,543.659,10
2024-02-07 14:37:49.475+01,22.82,9
2024-02-07 19:13:02.789+01,548.417,10
2024-02-07 14:42:55.769+01,22.83,9
2024-02-07 19:18:09.126+01,566.564,10
2024-02-07 14:48:00.957+01,22.77,9
2024-02-07 19:23:14.273+01,604.827,10
2024-02-07 14:53:06.734+01,22.78,9
2024-02-07 19:28:20.204+01,623.483,10
2024-02-07 14:58:12.388+01,22.8,9
2024-02-07 19:33:25.975+01,637.445,10
2024-02-07 15:03:18.198+01,22.77,9
2024-02-07 15:08:24.009+01,22.77,9
2024-02-07 15:13:29.61+01,22.76,9
2024-02-07 15:18:35.721+01,22.77,9
2024-02-07 15:23:41.444+01,22.77,9
2024-02-07 15:28:47.419+01,22.74,9
2024-02-07 15:33:52.883+01,22.76,9
2024-02-07 15:38:58.523+01,22.76,9
2024-02-07 15:44:04.43+01,22.74,9
2024-02-07 15:49:10.403+01,22.74,9
2024-02-07 15:54:16.386+01,22.76,9
2024-02-07 15:59:21.91+01,22.76,9
2024-02-07 16:04:27.96+01,22.77,9
2024-02-07 16:09:34.094+01,22.76,9
2024-02-07 16:14:39.47+01,22.78,9
2024-02-07 16:19:45.345+01,22.78,9
2024-02-07 16:24:51.129+01,22.83,9
2024-02-07 16:29:56.881+01,22.82,9
2024-02-07 16:35:02.848+01,22.8,9
2024-02-07 16:45:14.382+01,22.84,9
2024-02-07 16:50:20.666+01,22.86,9
2024-02-07 16:55:26.372+01,22.86,9
2024-02-07 17:00:31.489+01,22.87,9
2024-02-07 17:05:37.239+01,22.9,9
2024-02-07 17:10:43.048+01,22.9,9
2024-02-07 17:15:48.994+01,22.91,9
2024-02-07 17:20:54.945+01,22.91,9
2024-02-07 17:26:00.658+01,22.94,9
2024-02-07 17:31:06.537+01,22.97,9
2024-02-07 17:36:12.827+01,23,9
2024-02-07 17:41:18.1+01,23,9
2024-02-07 17:46:23.941+01,23.01,9
2024-02-07 17:51:29.999+01,23.02,9
2024-02-07 17:56:36.255+01,23.05,9
2024-02-07 18:01:41.343+01,23.04,9
2024-02-07 18:06:47.384+01,23.05,9
2024-02-07 18:11:53.101+01,23.07,9
2024-02-07 18:16:58.848+01,23.08,9
2024-02-07 18:22:04.556+01,23.07,9
2024-02-07 18:27:10.951+01,23.07,9
2024-02-07 18:32:16.25+01,23.07,9
2024-02-07 18:37:22.166+01,23.07,9
2024-02-07 18:42:27.84+01,23.08,9
2024-02-07 18:47:34.083+01,23.07,9
2024-02-07 18:52:39.929+01,23.05,9
2024-02-07 18:57:45.754+01,23.05,9
2024-02-07 19:02:51.115+01,23.07,9
2024-02-07 19:07:56.95+01,23.07,9
2024-02-07 19:13:03.466+01,23.08,9
2024-02-07 19:18:09.328+01,23.09,9
2024-02-07 19:23:14.497+01,23.14,9
2024-02-07 19:28:20.446+01,23.15,9
2024-02-07 19:33:26.151+01,23.15,9
2024-02-07 12:55:52.757+01,36.51,7
2024-02-07 13:00:58.459+01,36.62,7
2024-02-07 13:06:04.845+01,36.45,7
2024-02-07 13:11:10.086+01,36.31,7
2024-02-07 13:16:16.094+01,36.16,7
2024-02-07 13:21:21.611+01,36.09,7
2024-02-07 13:26:28.065+01,36.04,7
2024-02-07 13:31:33.511+01,35.9,7
2024-02-07 13:36:39.398+01,35.79,7
2024-02-07 13:41:44.991+01,35.72,7
2024-02-07 13:46:51.051+01,35.62,7
2024-02-07 13:51:57.058+01,35.6,7
2024-02-07 13:57:02.812+01,35.57,7
2024-02-07 14:02:08.43+01,35.44,7
2024-02-07 14:07:14.171+01,35.39,7
2024-02-07 14:12:20.184+01,35.21,7
2024-02-07 14:17:25.809+01,35.14,7
2024-02-07 14:22:31.665+01,35.14,7
2024-02-07 14:27:37.443+01,35.01,7
2024-02-07 14:32:43.249+01,34.85,7
2024-02-07 14:37:49.408+01,34.76,7
2024-02-07 14:42:55.402+01,34.62,7
2024-02-07 14:48:00.842+01,34.55,7
2024-02-07 14:53:06.642+01,34.43,7
2024-02-07 14:58:12.288+01,34.25,7
2024-02-07 15:03:18.108+01,34.1,7
2024-02-07 15:08:23.891+01,33.89,7
2024-02-07 15:13:29.551+01,33.72,7
2024-02-07 15:18:35.566+01,33.52,7
2024-02-07 15:23:41.361+01,33.47,7
2024-02-07 15:28:47.352+01,33.22,7
2024-02-07 15:33:52.809+01,32.97,7
2024-02-07 15:38:58.456+01,32.81,7
2024-02-07 15:44:04.337+01,32.73,7
2024-02-07 15:49:10.326+01,32.63,7
2024-02-07 15:54:16.273+01,32.63,7
2024-02-07 15:59:21.835+01,32.63,7
2024-02-07 16:04:27.87+01,32.48,7
2024-02-07 16:09:34.024+01,32.48,7
2024-02-07 16:14:39.273+01,33.95,7
2024-02-07 16:19:45.266+01,32.59,7
2024-02-07 16:24:51.066+01,32.42,7
2024-02-07 16:29:56.789+01,34.09,7
2024-02-07 16:35:02.773+01,33.33,7
2024-02-07 16:45:14.266+01,32.47,7
2024-02-07 16:50:20.548+01,32.47,7
2024-02-07 16:55:26.164+01,32.43,7
2024-02-07 17:00:31.426+01,32.3,7
2024-02-07 17:05:37.164+01,32.3,7
2024-02-07 17:10:42.976+01,32.29,7
2024-02-07 17:15:48.932+01,32.29,7
2024-02-07 17:20:54.786+01,32.29,7
2024-02-07 17:26:00.578+01,32.15,7
2024-02-07 17:31:06.404+01,32.14,7
2024-02-07 17:36:12.747+01,32.06,7
2024-02-07 17:41:18.041+01,32.06,7
2024-02-07 17:46:23.858+01,31.99,7
2024-02-07 17:51:29.924+01,31.92,7
2024-02-07 17:56:36.135+01,31.87,7
2024-02-07 18:01:41.242+01,31.89,7
2024-02-07 18:06:47.326+01,31.82,7
2024-02-07 18:11:52.933+01,31.78,7
2024-02-07 18:16:58.595+01,31.84,7
2024-02-07 18:22:04.476+01,31.8,7
2024-02-07 18:27:10.199+01,31.78,7
2024-02-07 18:32:16.091+01,31.81,7
2024-02-07 18:37:22.107+01,31.81,7
2024-02-07 18:42:27.761+01,31.98,7
2024-02-07 18:47:33.891+01,32.05,7
2024-02-07 18:52:39.694+01,31.94,7
2024-02-07 18:57:45.53+01,31.85,7
2024-02-07 19:02:51.009+01,31.7,7
2024-02-07 19:07:56.886+01,31.77,7
2024-02-07 19:13:03.31+01,31.77,7
2024-02-07 19:18:09.261+01,32.07,7
2024-02-07 19:23:14.439+01,32.59,7
2024-02-07 19:28:20.321+01,32.66,7
2024-02-07 19:33:26.076+01,32.92,7
2024-02-07 19:38:31.849+01,33.07,7
2024-02-07 19:43:37.633+01,33.22,7
2024-02-07 19:53:49.306+01,33.49,7
2024-02-07 19:58:55.46+01,33.64,7
2024-02-07 20:04:02.068+01,33.79,7
2024-02-07 20:09:07.079+01,33.85,7
2024-02-07 20:14:14.233+01,34.01,7
2024-02-07 20:19:18.559+01,34.08,7
2024-02-07 20:24:24.149+01,34.26,7
2024-02-07 20:29:30.007+01,34.26,7
2024-02-07 20:34:36.082+01,34.41,7
2024-02-07 20:39:41.646+01,34.48,7
2024-02-07 20:44:47.469+01,34.59,7
2024-02-07 20:49:53.375+01,34.7,7
2024-02-07 20:54:59.037+01,34.59,7
2024-02-07 21:00:04.844+01,34.57,7
2024-02-07 21:05:10.57+01,34.62,7
2024-02-07 21:10:16.458+01,34.66,7
2024-02-07 21:15:22.357+01,34.65,7
2024-02-07 21:20:28.301+01,34.7,7
2024-02-07 21:25:34.132+01,34.7,7
2024-02-07 21:30:40.735+01,34.74,7
2024-02-07 21:35:45.932+01,34.69,7
2024-02-07 21:40:51.642+01,34.79,7
2024-02-07 21:45:57.42+01,34.74,7
2024-02-07 21:51:03.889+01,34.8,7
2024-02-07 21:56:09.04+01,34.77,7
2024-02-07 22:01:14.794+01,34.75,7
2024-02-07 22:06:20.793+01,34.75,7
2024-02-07 22:11:26.104+01,34.74,7
2024-02-07 22:16:32.11+01,34.79,7
2024-02-07 22:21:38.045+01,34.76,7
2024-02-07 22:26:43.934+01,34.76,7
2024-02-07 22:31:49.515+01,34.8,7
2024-02-07 22:36:55.271+01,34.77,7
2024-02-07 22:42:01.107+01,34.77,7
2024-02-07 22:47:06.954+01,34.71,7
2024-02-07 22:52:13.337+01,34.71,7
2024-02-07 22:57:19.112+01,34.72,7
2024-02-07 23:02:24.651+01,34.73,7
2024-02-07 23:07:30.512+01,34.7,7
2024-02-07 23:12:36.064+01,34.67,7
2024-02-07 23:17:41.879+01,34.65,7
2024-02-07 23:22:47.598+01,34.66,7
2024-02-07 23:27:53.46+01,34.68,7
2024-02-07 23:32:59.205+01,34.65,7
2024-02-07 23:38:04.88+01,34.65,7
2024-02-07 23:43:10.869+01,34.68,7
2024-02-07 23:48:16.429+01,34.63,7
2024-02-07 23:53:22.159+01,34.65,7
2024-02-07 23:58:28.006+01,34.59,7
2024-02-08 00:03:33.925+01,34.57,7
2024-02-08 00:08:40.157+01,34.58,7
2024-02-08 00:13:45.886+01,34.55,7
2024-02-08 00:18:51.295+01,34.54,7
2024-02-08 00:23:57.587+01,34.54,7
2024-02-08 00:29:02.831+01,34.53,7
2024-02-08 00:34:08.658+01,34.53,7
2024-02-08 00:39:14.597+01,34.46,7
2024-02-08 00:44:20.808+01,34.5,7
2024-02-08 00:49:26.33+01,34.47,7
2024-02-08 00:54:32.261+01,34.46,7
2024-02-08 00:59:37.951+01,34.43,7
2024-02-07 12:56:35.968+01,36.02,22
2024-02-07 13:01:41.807+01,38.33,22
2024-02-07 13:06:46.582+01,38.44,22
2024-02-07 13:11:52.002+01,38.87,22
2024-02-07 13:16:57.268+01,39.03,22
2024-02-07 13:22:02.55+01,39.17,22
2024-02-07 13:27:07.922+01,39.39,22
2024-02-07 13:32:13.266+01,39.57,22
2024-02-07 13:37:18.548+01,39.56,22
2024-02-07 13:42:24.538+01,39.49,22
2024-02-07 13:47:30.198+01,39.63,22
2024-02-07 13:52:34.68+01,39.62,22
2024-02-07 13:57:40.124+01,39.64,22
2024-02-07 14:02:45.447+01,39.65,22
2024-02-07 14:07:51.316+01,39.19,22
2024-02-07 14:12:55.814+01,38.43,22
2024-02-07 14:18:00.932+01,38.12,22
2024-02-07 14:23:06.46+01,37.51,22
2024-02-07 14:28:11.478+01,36.76,22
2024-02-07 14:33:16.767+01,36.48,22
2024-02-07 14:38:22.083+01,35.63,22
2024-02-07 14:43:27.539+01,34.98,22
2024-02-07 14:48:32.449+01,34.09,22
2024-02-07 14:53:37.831+01,33.44,22
2024-02-07 14:58:43.026+01,33.14,22
2024-02-07 15:03:48.119+01,32.81,22
2024-02-07 15:08:53.405+01,32.8,22
2024-02-07 15:13:58.698+01,32.26,22
2024-02-07 15:19:04.257+01,32.38,22
2024-02-07 15:24:09.485+01,32.28,22
2024-02-07 15:29:14.698+01,32.09,22
2024-02-07 15:34:20.454+01,31.9,22
2024-02-07 15:39:24.956+01,31.7,22
2024-02-07 19:38:31.779+01,652.526,10
2024-02-07 19:43:37.567+01,669.845,10
2024-02-07 19:53:49.239+01,698.251,10
2024-02-07 19:58:55.127+01,713.83,10
2024-02-07 20:04:01.877+01,727.842,10
2024-02-07 20:09:06.996+01,742.991,10
2024-02-07 20:14:13.92+01,751.838,10
2024-02-07 20:19:18.449+01,776.152,10
2024-02-07 20:24:24.04+01,787.702,10
2024-02-07 20:29:29.935+01,804.478,10
2024-02-07 20:34:36.007+01,817.363,10
2024-02-07 20:39:41.563+01,836.82,10
2024-02-07 20:44:47.378+01,853.34,10
2024-02-07 20:49:53.316+01,869.68,10
2024-02-07 20:54:58.963+01,859.143,10
2024-02-07 21:00:04.768+01,855.645,10
2024-02-07 21:05:10.5+01,857.403,10
2024-02-07 21:10:16.371+01,860.522,10
2024-02-07 21:15:22.232+01,857.187,10
2024-02-07 21:20:28.212+01,845.237,10
2024-02-07 21:25:34.017+01,843.881,10
2024-02-07 21:30:40.531+01,845.3,10
2024-02-07 21:35:45.823+01,843.789,10
2024-02-07 21:40:51.573+01,840.58,10
2024-02-07 21:45:57.353+01,837.977,10
2024-02-07 21:51:03.573+01,835.917,10
2024-02-07 21:56:08.957+01,833.761,10
2024-02-07 22:01:14.686+01,829.168,10
2024-02-07 22:06:20.629+01,832.633,10
2024-02-07 22:11:26.037+01,834.121,10
2024-02-07 22:16:31.913+01,828.456,10
2024-02-07 22:21:37.903+01,832.223,10
2024-02-07 22:26:43.846+01,825.356,10
2024-02-07 22:31:49.39+01,823.707,10
2024-02-07 22:36:55.195+01,818.487,10
2024-02-07 22:42:01.02+01,822.252,10
2024-02-07 22:47:06.852+01,822.487,10
2024-02-07 22:52:13.121+01,822.246,10
2024-02-07 22:57:18.67+01,822.538,10
2024-02-07 23:02:24.501+01,825.318,10
2024-02-07 23:07:30.066+01,817.737,10
2024-02-07 23:12:35.897+01,812.032,10
2024-02-07 23:17:41.795+01,818.12,10
2024-02-07 23:22:47.484+01,810.61,10
2024-02-07 23:27:53.321+01,811.357,10
2024-02-07 23:32:59.121+01,807.647,10
2024-02-07 23:38:04.807+01,802.468,10
2024-02-07 23:43:10.71+01,807.879,10
2024-02-07 23:48:16.333+01,804.802,10
2024-02-07 23:53:22.084+01,802.932,10
2024-02-07 23:58:27.94+01,801.867,10
2024-02-08 00:03:33.862+01,795.95,10
2024-02-08 00:08:39.723+01,798.955,10
2024-02-08 00:13:45.49+01,800.625,10
2024-02-08 00:18:51.234+01,799.901,10
2024-02-08 00:23:57.498+01,801.216,10
2024-02-08 00:29:02.721+01,801.205,10
2024-02-08 00:34:08.592+01,792.939,10
2024-02-08 00:39:14.522+01,794.528,10
2024-02-08 00:44:20.732+01,793.791,10
2024-02-08 00:49:26.255+01,785.09,10
2024-02-08 00:54:32.177+01,786.432,10
2024-02-08 00:59:37.884+01,780.552,10
2024-02-07 15:44:30.177+01,31.37,22
2024-02-07 15:49:35.512+01,31.29,22
2024-02-07 15:54:40.77+01,31.41,22
2024-02-07 15:59:46.101+01,31.15,22
2024-02-07 16:04:51.296+01,30.69,22
2024-02-07 16:09:56.599+01,30.3,22
2024-02-07 16:15:01.978+01,30.32,22
2024-02-07 16:20:07.073+01,30.27,22
2024-02-07 16:25:12.272+01,30.2,22
2024-02-07 16:30:17.452+01,30.12,22
2024-02-07 16:35:22.667+01,30.2,22
2024-02-07 16:40:27.94+01,30.13,22
2024-02-07 16:45:33.079+01,30.11,22
2024-02-07 16:50:38.484+01,30.11,22
2024-02-07 16:55:43.818+01,30.22,22
2024-02-07 17:00:49.107+01,29.93,22
2024-02-07 17:05:54.196+01,29.87,22
2024-02-07 17:10:59.526+01,29.48,22
2024-02-07 17:16:04.694+01,29.34,22
2024-02-07 17:21:09.966+01,29.17,22
2024-02-07 17:26:15.272+01,29.22,22
2024-02-07 17:31:20.61+01,29.18,22
2024-02-07 17:36:25.788+01,29.23,22
2024-02-07 17:41:31.082+01,29.35,22
2024-02-07 17:46:36.213+01,29.36,22
2024-02-07 17:51:41.44+01,29.39,22
2024-02-07 17:56:46.667+01,29.44,22
2024-02-07 18:01:51.969+01,29.36,22
2024-02-07 18:06:57.28+01,29.34,22
2024-02-07 18:12:02.999+01,29.46,22
2024-02-07 18:17:08.43+01,29.15,22
2024-02-07 18:22:13.5+01,29.1,22
2024-02-07 18:27:18.738+01,29.05,22
2024-02-07 18:32:23.717+01,28.8,22
2024-02-07 18:37:29.263+01,28.82,22
2024-02-07 18:42:34.597+01,28.76,22
2024-02-07 18:47:39.941+01,28.98,22
2024-02-07 18:52:45.928+01,29.15,22
2024-02-07 18:57:50.163+01,29.26,22
2024-02-07 19:02:55.616+01,29.47,22
2024-02-07 19:08:00.741+01,29.45,22
2024-02-07 19:13:06.021+01,29.49,22
2024-02-07 19:18:11.474+01,29.54,22
2024-02-07 19:23:17.425+01,29.65,22
2024-02-07 19:28:21.9+01,29.66,22
2024-02-07 19:33:27.323+01,29.29,22
2024-02-07 19:38:32.314+01,29.19,22
2024-02-07 19:43:37.946+01,29.03,22
2024-02-07 19:48:43.148+01,28.97,22
2024-02-07 19:53:48.378+01,28.89,22
2024-02-07 19:58:53.618+01,29.03,22
2024-02-07 20:03:58.859+01,29.17,22
2024-02-07 20:09:04.054+01,29.42,22
2024-02-07 20:14:10.664+01,29.59,22
2024-02-07 20:19:14.735+01,29.65,22
2024-02-07 20:24:20.311+01,29.65,22
2024-02-07 20:29:25.183+01,29.67,22
2024-02-07 20:34:30.428+01,29.81,22
2024-02-07 20:39:35.874+01,29.86,22
2024-02-07 20:44:41.055+01,29.81,22
2024-02-07 20:49:46.271+01,29.58,22
2024-02-07 20:54:52.173+01,29.44,22
2024-02-07 20:59:56.927+01,29.26,22
2024-02-07 21:05:02.125+01,29.11,22
2024-02-07 21:10:07.348+01,29.16,22
2024-02-07 21:15:13.352+01,29.06,22
2024-02-07 21:20:18.057+01,29.01,22
2024-02-07 21:25:23.22+01,29.09,22
2024-02-07 21:30:28.494+01,29.16,22
2024-02-07 21:35:34.262+01,29.09,22
2024-02-07 21:40:39.114+01,29.12,22
2024-02-07 21:45:42.428+01,29.16,22
2024-02-07 21:50:47.779+01,29.16,22
2024-02-07 21:55:53.374+01,29.16,22
2024-02-07 22:00:58.007+01,28.96,22
2024-02-07 22:06:03.571+01,28.91,22
2024-02-07 22:11:08.732+01,28.76,22
2024-02-07 22:16:13.829+01,28.65,22
2024-02-07 22:21:19.958+01,28.5,22
2024-02-07 22:26:24.31+01,28.53,22
2024-02-07 22:31:29.671+01,28.46,22
2024-02-07 22:36:34.793+01,28.37,22
2024-02-07 22:41:39.961+01,28.17,22
2024-02-07 22:46:45.422+01,28.08,22
2024-02-07 22:51:50.619+01,28.04,22
2024-02-07 22:56:56.4+01,27.92,22
2024-02-07 23:02:01.373+01,27.85,22
2024-02-07 23:07:06.72+01,27.89,22
2024-02-07 23:12:12.925+01,27.85,22
2024-02-07 23:17:17.685+01,27.84,22
2024-02-07 23:22:22.519+01,27.85,22
2024-02-07 23:27:28.067+01,27.88,22
2024-02-07 23:32:32.993+01,27.87,22
2024-02-07 23:37:38.305+01,27.81,22
2024-02-07 19:38:31.922+01,23.19,9
2024-02-07 19:43:37.696+01,23.21,9
2024-02-07 19:53:49.364+01,23.23,9
2024-02-07 19:58:55.53+01,23.23,9
2024-02-07 20:04:02.493+01,23.28,9
2024-02-07 20:09:07.184+01,23.28,9
2024-02-07 20:14:14.47+01,23.28,9
2024-02-07 20:19:18.707+01,23.29,9
2024-02-07 20:24:24.36+01,23.29,9
2024-02-07 20:29:30.114+01,23.29,9
2024-02-07 20:34:36.149+01,23.29,9
2024-02-07 20:39:42.008+01,23.29,9
2024-02-07 20:44:47.544+01,23.32,9
2024-02-07 20:49:53.45+01,23.35,9
2024-02-07 20:54:59.122+01,23.28,9
2024-02-07 21:00:04.919+01,23.26,9
2024-02-07 21:05:10.645+01,23.23,9
2024-02-07 21:10:16.568+01,23.18,9
2024-02-07 21:15:22.549+01,23.15,9
2024-02-07 21:20:28.376+01,23.14,9
2024-02-07 21:25:34.458+01,23.07,9
2024-02-07 21:30:41.097+01,23.05,9
2024-02-07 21:35:46.009+01,23.05,9
2024-02-07 21:40:51.716+01,23.01,9
2024-02-07 21:45:57.503+01,23.01,9
2024-02-07 21:51:03.981+01,22.98,9
2024-02-07 21:56:09.291+01,22.97,9
2024-02-07 22:01:14.87+01,22.97,9
2024-02-07 22:06:20.877+01,22.91,9
2024-02-07 22:11:26.188+01,22.9,9
2024-02-07 22:16:32.399+01,22.9,9
2024-02-07 22:21:38.274+01,22.87,9
2024-02-07 22:26:43.999+01,22.86,9
2024-02-07 22:31:49.646+01,22.83,9
2024-02-07 22:36:55.348+01,22.82,9
2024-02-07 22:42:01.187+01,22.82,9
2024-02-07 22:47:07.039+01,22.8,9
2024-02-07 22:52:13.478+01,22.82,9
2024-02-07 22:57:19.237+01,22.78,9
2024-02-07 23:02:24.951+01,22.77,9
2024-02-07 23:07:30.587+01,22.77,9
2024-02-07 23:12:36.156+01,22.78,9
2024-02-07 23:17:41.954+01,22.77,9
2024-02-07 23:22:47.668+01,22.74,9
2024-02-07 23:27:53.543+01,22.74,9
2024-02-07 23:32:59.287+01,22.73,9
2024-02-07 23:38:04.957+01,22.71,9
2024-02-07 23:43:11.044+01,22.73,9
2024-02-07 23:48:16.741+01,22.73,9
2024-02-07 23:53:22.229+01,22.7,9
2024-02-07 23:58:28.257+01,22.7,9
2024-02-08 00:03:33.983+01,22.68,9
2024-02-08 00:08:40.245+01,22.7,9
2024-02-08 00:13:45.971+01,22.68,9
2024-02-08 00:18:51.373+01,22.7,9
2024-02-08 00:23:57.674+01,22.67,9
2024-02-08 00:29:02.888+01,22.67,9
2024-02-08 00:34:08.726+01,22.67,9
2024-02-08 00:39:14.689+01,22.64,9
2024-02-08 00:44:21.019+01,22.68,9
2024-02-08 00:49:26.419+01,22.66,9
2024-02-08 00:54:32.361+01,22.67,9
2024-02-08 00:59:38.022+01,22.66,9
2024-02-07 12:59:33.314+01,4.67,16
2024-02-07 13:04:42.288+01,4.66,16
2024-02-07 13:14:59.513+01,4.66,16
2024-02-07 13:20:09.069+01,4.66,16
2024-02-07 13:25:18.576+01,4.65,16
2024-02-07 13:30:27.754+01,4.66,16
2024-02-07 13:40:46.589+01,4.67,16
2024-02-07 13:45:55.821+01,4.66,16
2024-02-07 13:51:05.231+01,4.66,16
2024-02-07 13:56:14.581+01,4.67,16
2024-02-07 14:06:33.438+01,4.66,16
2024-02-07 14:11:42.82+01,4.66,16
2024-02-07 14:16:52.147+01,4.66,16
2024-02-07 14:22:01.347+01,4.67,16
2024-02-07 14:27:10.525+01,4.65,16
2024-02-07 14:32:19.968+01,4.65,16
2024-02-07 14:37:29.443+01,4.67,16
2024-02-07 14:42:37.878+01,4.65,16
2024-02-07 14:47:46.372+01,4.66,16
2024-02-07 14:52:55.57+01,4.65,16
2024-02-07 14:58:04.964+01,4.67,16
2024-02-07 15:03:13.381+01,4.66,16
2024-02-07 15:08:21.896+01,4.67,16
2024-02-07 15:13:31.824+01,4.65,16
2024-02-07 15:18:40.544+01,4.65,16
2024-02-07 15:23:49.729+01,4.66,16
2024-02-07 15:28:59.049+01,4.67,16
2024-02-07 15:34:07.444+01,4.67,16
2024-02-07 15:39:15.962+01,4.67,16
2024-02-07 15:44:24.769+01,4.65,16
2024-02-07 15:49:33.995+01,4.66,16
2024-02-07 15:54:42.47+01,4.66,16
2024-02-07 15:59:50.731+01,4.66,16
2024-02-07 16:04:59.781+01,4.66,16
2024-02-07 16:10:08.368+01,4.67,16
2024-02-07 16:15:16.757+01,4.66,16
2024-02-07 16:20:26.028+01,4.67,16
2024-02-07 16:30:44.685+01,4.66,16
2024-02-07 16:41:02.286+01,4.67,16
2024-02-07 16:46:11.479+01,4.65,16
2024-02-07 16:51:20.2+01,4.67,16
2024-02-07 17:01:36.821+01,4.65,16
2024-02-07 17:06:46.199+01,4.66,16
2024-02-07 17:11:55.387+01,4.66,16
2024-02-07 17:17:04.637+01,4.65,16
2024-02-07 17:27:23.128+01,4.67,16
2024-02-07 17:42:50.276+01,4.66,16
2024-02-07 17:53:09.054+01,4.66,16
2024-02-07 17:58:18.445+01,4.66,16
2024-02-07 18:03:27.047+01,4.65,16
2024-02-07 18:08:36.313+01,4.67,16
2024-02-07 18:24:03.907+01,4.66,16
2024-02-07 18:34:20.866+01,4.65,16
2024-02-07 18:39:30.134+01,4.66,16
2024-02-07 18:44:39.52+01,4.65,16
2024-02-07 18:49:48.722+01,4.67,16
2024-02-07 18:54:58.002+01,4.64,16
2024-02-07 19:00:06.95+01,4.65,16
2024-02-07 19:05:16.072+01,4.67,16
2024-02-07 19:10:24.57+01,4.67,16
2024-02-07 19:15:34.149+01,4.67,16
2024-02-07 19:25:52.575+01,4.67,16
2024-02-07 19:31:01.947+01,4.67,16
2024-02-07 19:36:11.195+01,4.65,16
2024-02-07 19:41:20.511+01,4.66,16
2024-02-07 19:46:29.661+01,4.65,16
2024-02-07 19:56:48.424+01,4.66,16
2024-02-07 20:07:06.678+01,4.66,16
2024-02-07 20:12:15.387+01,4.66,16
2024-02-07 20:17:24.573+01,4.67,16
2024-02-07 20:22:33.817+01,4.66,16
2024-02-07 20:27:43.215+01,4.65,16
2024-02-07 20:32:52.307+01,4.65,16
2024-02-07 20:38:01.649+01,4.67,16
2024-02-07 20:43:10.867+01,4.65,16
2024-02-07 20:48:20.09+01,4.65,16
2024-02-07 20:53:28.687+01,4.65,16
2024-02-07 20:58:38.04+01,4.65,16
2024-02-07 21:03:46.5+01,4.65,16
2024-02-07 21:14:04.997+01,4.65,16
2024-02-07 21:19:14.154+01,4.65,16
2024-02-07 21:24:23.467+01,4.66,16
2024-02-07 21:29:32.608+01,4.67,16
2024-02-07 21:34:41.072+01,4.65,16
2024-02-07 21:39:49.509+01,4.65,16
2024-02-07 21:44:57.822+01,4.67,16
2024-02-07 21:50:07.152+01,4.66,16
2024-02-07 21:55:15.507+01,4.67,16
2024-02-07 22:00:23.904+01,4.65,16
2024-02-07 22:05:32.528+01,4.66,16
2024-02-07 22:10:41.028+01,4.66,16
2024-02-07 22:15:50.308+01,4.67,16
2024-02-07 22:20:59.824+01,4.64,16
2024-02-07 22:26:09.204+01,4.65,16
2024-02-07 22:31:17.741+01,4.66,16
2024-02-07 22:36:26.12+01,4.66,16
2024-02-07 22:41:34.572+01,4.66,16
2024-02-07 22:46:43.115+01,4.65,16
2024-02-07 22:51:51.505+01,4.65,16
2024-02-07 22:57:00.82+01,4.65,16
2024-02-07 23:02:10.347+01,4.67,16
2024-02-07 23:12:27.92+01,4.67,16
2024-02-07 23:17:37.365+01,4.66,16
2024-02-07 23:22:45.652+01,4.65,16
2024-02-07 23:27:54.93+01,4.66,16
2024-02-07 23:33:04.298+01,4.66,16
2024-02-07 23:38:13.637+01,4.67,16
2024-02-07 23:48:32.171+01,4.67,16
2024-02-07 23:53:41.445+01,4.66,16
2024-02-07 23:58:50.136+01,4.67,16
2024-02-08 00:14:17.893+01,4.67,16
2024-02-08 00:19:27.353+01,4.66,16
2024-02-08 00:24:35.811+01,4.66,16
2024-02-08 00:34:53.734+01,4.65,16
2024-02-08 00:45:12.128+01,4.65,16
2024-02-08 00:50:21.34+01,4.66,16
2024-02-08 00:55:30.597+01,4.65,16
2024-02-07 12:59:33.747+01,1004.74,18
2024-02-07 13:04:42.73+01,1004.76,18
2024-02-07 13:14:59.993+01,1004.75,18
2024-02-07 13:20:09.493+01,1004.76,18
2024-02-07 13:25:18.973+01,1004.85,18
2024-02-07 13:30:28.507+01,1004.84,18
2024-02-07 13:40:46.811+01,1004.8,18
2024-02-07 13:45:56.267+01,1004.84,18
2024-02-07 13:51:05.475+01,1004.88,18
2024-02-07 13:56:14.84+01,1004.98,18
2024-02-07 14:06:33.66+01,1004.85,18
2024-02-07 14:11:44.088+01,1004.91,18
2024-02-07 14:16:52.363+01,1005,18
2024-02-07 14:22:01.648+01,1005.09,18
2024-02-07 14:27:10.769+01,1005.45,18
2024-02-07 14:32:20.207+01,1005.43,18
2024-02-07 14:37:29.824+01,1005.57,18
2024-02-07 14:42:38.791+01,1005.59,18
2024-02-07 14:47:46.671+01,1005.57,18
2024-02-07 14:52:56.422+01,1005.56,18
2024-02-07 14:58:05.205+01,1005.61,18
2024-02-07 15:03:13.655+01,1005.66,18
2024-02-07 15:08:22.774+01,1005.78,18
2024-02-07 15:13:32.022+01,1005.7,18
2024-02-07 15:18:40.812+01,1005.7,18
2024-02-07 15:23:50.137+01,1005.6,18
2024-02-07 15:28:59.412+01,1005.58,18
2024-02-07 15:34:07.699+01,1005.51,18
2024-02-07 15:39:16.219+01,1005.45,18
2024-02-07 15:44:25.108+01,1005.41,18
2024-02-07 15:49:34.261+01,1005.39,18
2024-02-07 15:54:42.811+01,1005.33,18
2024-02-07 15:59:51.14+01,1005.32,18
2024-02-07 16:05:00.104+01,1005.26,18
2024-02-07 16:10:08.67+01,1005.22,18
2024-02-07 16:15:17.279+01,1005.08,18
2024-02-07 16:20:26.445+01,1005.11,18
2024-02-07 16:30:44.901+01,1004.97,18
2024-02-07 16:41:02.544+01,1005.1,18
2024-02-07 16:46:11.828+01,1005,18
2024-02-07 16:51:20.448+01,1005.01,18
2024-02-07 17:01:37.297+01,1004.99,18
2024-02-07 17:06:46.72+01,1004.89,18
2024-02-07 17:11:55.569+01,1004.75,18
2024-02-07 17:17:05.145+01,1004.65,18
2024-02-07 17:27:23.332+01,1004.72,18
2024-02-07 17:42:50.658+01,1004.62,18
2024-02-07 17:53:09.404+01,1004.57,18
2024-02-07 17:58:19.578+01,1004.49,18
2024-02-07 18:03:27.667+01,1004.41,18
2024-02-07 18:08:37.605+01,1004.47,18
2024-02-07 18:24:04.427+01,1004.41,18
2024-02-07 18:34:21.698+01,1004.41,18
2024-02-07 18:39:30.612+01,1004.25,18
2024-02-07 18:44:39.976+01,1004.31,18
2024-02-07 18:49:49.446+01,1004.33,18
2024-02-07 18:54:59.476+01,1004.34,18
2024-02-07 19:00:07.233+01,1004.28,18
2024-02-07 19:05:17.661+01,1004.33,18
2024-02-07 19:10:24.983+01,1004.25,18
2024-02-07 19:15:34.35+01,1004.16,18
2024-02-07 19:25:52.922+01,1004.24,18
2024-02-07 19:31:02.427+01,1004.03,18
2024-02-07 19:36:11.452+01,1004.03,18
2024-02-07 19:41:20.804+01,1004.05,18
2024-02-07 19:46:29.912+01,1004.04,18
2024-02-07 19:56:48.882+01,1003.98,18
2024-02-07 20:07:07.712+01,1003.79,18
2024-02-07 20:12:15.941+01,1003.86,18
2024-02-07 20:17:24.862+01,1003.84,18
2024-02-07 20:22:34.504+01,1003.68,18
2024-02-07 20:27:43.486+01,1003.77,18
2024-02-07 20:32:52.641+01,1003.66,18
2024-02-07 20:38:02.07+01,1003.72,18
2024-02-07 20:43:11.135+01,1003.6,18
2024-02-07 20:48:20.373+01,1003.58,18
2024-02-07 20:53:29.539+01,1003.41,18
2024-02-07 20:58:38.46+01,1003.38,18
2024-02-07 21:03:46.817+01,1003.5,18
2024-02-07 21:14:05.219+01,1003.29,18
2024-02-07 21:19:14.74+01,1003.22,18
2024-02-07 21:24:23.928+01,1003.17,18
2024-02-07 21:29:33.483+01,1003.17,18
2024-02-07 21:34:42.223+01,1003.21,18
2024-02-07 21:39:50+01,1003.18,18
2024-02-07 21:44:58.528+01,1003.03,18
2024-02-07 21:50:07.743+01,1003.13,18
2024-02-07 21:55:16.173+01,1003.11,18
2024-02-07 22:00:24.172+01,1003.18,18
2024-02-07 22:05:34.396+01,1003.1,18
2024-02-07 22:10:41.492+01,1003.1,18
2024-02-07 22:15:50.643+01,1003.2,18
2024-02-07 22:21:01.108+01,1003.16,18
2024-02-07 22:26:09.412+01,1003,18
2024-02-07 22:31:18.276+01,1002.94,18
2024-02-07 22:36:26.709+01,1002.92,18
2024-02-07 22:41:34.799+01,1002.82,18
2024-02-07 22:46:43.532+01,1002.7,18
2024-02-07 22:51:52.106+01,1002.71,18
2024-02-07 22:57:01.48+01,1002.62,18
2024-02-07 23:02:10.622+01,1002.72,18
2024-02-07 23:12:29.166+01,1002.84,18
2024-02-07 23:17:37.54+01,1002.71,18
2024-02-07 23:22:45.907+01,1002.8,18
2024-02-07 23:27:55.158+01,1002.69,18
2024-02-07 23:33:04.571+01,1002.71,18
2024-02-07 23:38:13.85+01,1002.75,18
2024-02-07 23:48:32.466+01,1002.71,18
2024-02-07 23:53:41.71+01,1002.67,18
2024-02-07 23:58:50.376+01,1002.66,18
2024-02-08 00:14:18.186+01,1002.73,18
2024-02-08 00:19:28.095+01,1002.65,18
2024-02-08 00:24:36.336+01,1002.72,18
2024-02-08 00:34:54.345+01,1002.64,18
2024-02-08 00:45:12.877+01,1002.55,18
2024-02-08 00:50:21.576+01,1002.51,18
2024-02-08 00:55:31.218+01,1002.61,18
2024-02-07 12:59:33.872+01,22.28,19
2024-02-07 13:04:42.922+01,22.35,19
2024-02-07 13:15:00.058+01,22.61,19
2024-02-07 13:20:09.655+01,22.76,19
2024-02-07 13:25:19.064+01,22.9,19
2024-02-07 13:30:28.641+01,22.97,19
2024-02-07 13:40:46.895+01,23.12,19
2024-02-07 13:45:56.325+01,23.21,19
2024-02-07 13:51:05.549+01,23.26,19
2024-02-07 13:56:14.946+01,23.3,19
2024-02-07 14:06:33.726+01,23.45,19
2024-02-07 14:11:44.239+01,23.47,19
2024-02-07 14:16:52.438+01,23.45,19
2024-02-07 14:22:01.72+01,23.41,19
2024-02-07 14:27:10.836+01,23.35,19
2024-02-07 14:32:20.272+01,23.31,19
2024-02-07 14:37:29.924+01,23.23,19
2024-02-07 14:42:39.853+01,23.16,19
2024-02-07 14:47:46.743+01,23.08,19
2024-02-07 14:52:56.499+01,23,19
2024-02-07 14:58:05.37+01,22.92,19
2024-02-07 15:03:13.72+01,22.84,19
2024-02-07 15:08:22.857+01,22.78,19
2024-02-07 15:13:32.083+01,22.7,19
2024-02-07 15:18:40.884+01,22.66,19
2024-02-07 15:23:50.459+01,22.61,19
2024-02-07 15:28:59.493+01,22.56,19
2024-02-07 15:34:07.762+01,22.56,19
2024-02-07 15:39:16.294+01,22.54,19
2024-02-07 15:44:25.216+01,22.49,19
2024-02-07 15:49:34.346+01,22.48,19
2024-02-07 15:54:42.923+01,22.48,19
2024-02-07 15:59:51.266+01,22.47,19
2024-02-07 16:05:00.258+01,22.42,19
2024-02-07 16:10:08.903+01,22.42,19
2024-02-07 16:15:17.358+01,22.42,19
2024-02-07 16:20:26.574+01,22.43,19
2024-02-07 16:30:45.118+01,22.4,19
2024-02-07 16:41:02.619+01,22.38,19
2024-02-07 16:46:11.912+01,22.38,19
2024-02-07 16:51:20.564+01,22.37,19
2024-02-07 17:01:37.364+01,22.34,19
2024-02-07 17:06:46.912+01,22.33,19
2024-02-07 17:11:55.628+01,22.28,19
2024-02-07 17:17:05.228+01,22.26,19
2024-02-07 17:27:23.383+01,22.24,19
2024-02-07 17:42:50.826+01,22.17,19
2024-02-07 17:53:09.488+01,22.16,19
2024-02-07 17:58:19.636+01,22.13,19
2024-02-07 18:03:27.735+01,22.1,19
2024-02-07 18:08:37.701+01,22.09,19
2024-02-07 18:24:04.599+01,22.06,19
2024-02-07 18:34:22.267+01,22.05,19
2024-02-07 18:39:30.766+01,22.03,19
2024-02-07 18:44:40.288+01,22.05,19
2024-02-07 18:49:49.585+01,22.05,19
2024-02-07 18:54:59.81+01,22.03,19
2024-02-07 19:00:07.375+01,22.03,19
2024-02-07 19:05:17.82+01,22.02,19
2024-02-07 19:10:25.568+01,22.02,19
2024-02-07 19:15:34.408+01,22.01,19
2024-02-07 19:25:53.06+01,21.95,19
2024-02-07 19:31:02.498+01,21.97,19
2024-02-07 19:36:11.594+01,21.98,19
2024-02-07 19:41:20.879+01,21.95,19
2024-02-07 19:46:29.987+01,21.98,19
2024-02-07 19:56:49.216+01,21.95,19
2024-02-07 20:07:07.895+01,21.95,19
2024-02-07 20:12:16.008+01,21.92,19
2024-02-07 20:17:24.945+01,21.91,19
2024-02-07 20:22:34.571+01,21.93,19
2024-02-07 20:27:43.562+01,21.93,19
2024-02-07 20:32:52.758+01,21.94,19
2024-02-07 20:38:02.489+01,21.92,19
2024-02-07 20:43:11.194+01,21.93,19
2024-02-07 20:48:20.439+01,21.9,19
2024-02-07 20:53:29.773+01,21.91,19
2024-02-07 20:58:38.529+01,21.9,19
2024-02-07 21:03:46.912+01,21.91,19
2024-02-07 21:14:05.294+01,21.88,19
2024-02-07 21:19:14.826+01,21.89,19
2024-02-07 21:24:24.145+01,21.89,19
2024-02-07 21:29:33.758+01,21.87,19
2024-02-07 21:34:42.284+01,21.89,19
2024-02-07 21:39:50.125+01,21.87,19
2024-02-07 21:44:58.609+01,21.85,19
2024-02-07 21:50:07.877+01,21.83,19
2024-02-07 21:55:16.373+01,21.85,19
2024-02-07 22:00:24.256+01,21.85,19
2024-02-07 22:05:34.663+01,21.84,19
2024-02-07 22:10:41.77+01,21.84,19
2024-02-07 22:15:50.709+01,21.82,19
2024-02-07 22:21:01.668+01,21.83,19
2024-02-07 22:26:09.484+01,21.83,19
2024-02-07 22:31:18.401+01,21.83,19
2024-02-07 22:36:26.982+01,21.82,19
2024-02-07 22:41:34.866+01,21.81,19
2024-02-07 22:46:43.745+01,21.81,19
2024-02-07 22:51:52.18+01,21.8,19
2024-02-07 22:57:01.722+01,21.83,19
2024-02-07 23:02:10.697+01,21.83,19
2024-02-07 23:12:29.286+01,21.88,19
2024-02-07 23:17:37.591+01,21.91,19
2024-02-07 23:22:45.974+01,21.97,19
2024-02-07 23:27:55.233+01,21.99,19
2024-02-07 23:33:04.638+01,22.04,19
2024-02-07 23:38:13.92+01,22.08,19
2024-02-07 23:48:32.63+01,22.13,19
2024-02-07 23:53:41.792+01,22.16,19
2024-02-07 23:58:50.466+01,22.18,19
2024-02-08 00:14:18.317+01,22.22,19
2024-02-08 00:19:28.161+01,22.24,19
2024-02-08 00:24:36.699+01,22.24,19
2024-02-08 00:34:54.481+01,22.27,19
2024-02-08 00:45:13.034+01,22.28,19
2024-02-08 00:50:21.718+01,22.28,19
2024-02-08 00:55:31.291+01,22.31,19
2024-02-07 12:59:33.638+01,40.69,17
2024-02-07 13:04:42.505+01,41.9,17
2024-02-07 13:14:59.934+01,45.55,17
2024-02-07 13:20:09.343+01,46.17,17
2024-02-07 13:25:18.84+01,46.65,17
2024-02-07 13:30:28.348+01,46.85,17
2024-02-07 13:40:46.736+01,47.09,17
2024-02-07 13:45:55.983+01,47.02,17
2024-02-07 13:51:05.4+01,47.01,17
2024-02-07 13:56:14.782+01,47.05,17
2024-02-07 14:06:33.594+01,47.26,17
2024-02-07 14:11:43.47+01,46.57,17
2024-02-07 14:16:52.304+01,45.98,17
2024-02-07 14:22:01.552+01,45.19,17
2024-02-07 14:27:10.689+01,44.5,17
2024-02-07 14:32:20.148+01,43.77,17
2024-02-07 14:37:29.749+01,42.38,17
2024-02-07 14:42:38.307+01,41.37,17
2024-02-07 14:47:46.596+01,39.85,17
2024-02-07 14:52:56.332+01,38.81,17
2024-02-07 14:58:05.138+01,37.96,17
2024-02-07 15:03:13.573+01,37.24,17
2024-02-07 15:08:22.666+01,36.61,17
2024-02-07 15:13:31.957+01,36.27,17
2024-02-07 15:18:40.704+01,36.06,17
2024-02-07 15:23:49.952+01,36.42,17
2024-02-07 15:28:59.342+01,36.33,17
2024-02-07 15:34:07.637+01,36.22,17
2024-02-07 15:39:16.145+01,36.08,17
2024-02-07 15:44:25.013+01,35.88,17
2024-02-07 15:49:34.177+01,35.88,17
2024-02-07 15:54:42.739+01,35.87,17
2024-02-07 15:59:50.896+01,35.83,17
2024-02-07 16:04:59.982+01,35.77,17
2024-02-07 16:10:08.586+01,35.65,17
2024-02-07 16:15:16.912+01,35.5,17
2024-02-07 16:20:26.245+01,35.39,17
2024-02-07 16:30:44.83+01,35.17,17
2024-02-07 16:41:02.471+01,34.95,17
2024-02-07 16:46:11.756+01,35.01,17
2024-02-07 16:51:20.385+01,34.74,17
2024-02-07 17:01:37.23+01,34.68,17
2024-02-07 17:06:46.544+01,34.26,17
2024-02-07 17:11:55.51+01,34.06,17
2024-02-07 17:17:05.019+01,33.8,17
2024-02-07 17:27:23.274+01,33.71,17
2024-02-07 17:42:50.566+01,33.59,17
2024-02-07 17:53:09.242+01,33.5,17
2024-02-07 17:58:19.503+01,33.54,17
2024-02-07 18:03:27.534+01,33.48,17
2024-02-07 18:08:37.463+01,33.51,17
2024-02-07 18:24:04.294+01,33.59,17
2024-02-07 18:34:21.239+01,33.62,17
2024-02-07 18:39:30.437+01,33.64,17
2024-02-07 18:44:39.856+01,33.63,17
2024-02-07 18:49:49.352+01,33.65,17
2024-02-07 18:54:58.551+01,33.69,17
2024-02-07 19:00:07.119+01,33.72,17
2024-02-07 19:05:17.544+01,33.68,17
2024-02-07 19:10:24.866+01,33.68,17
2024-02-07 19:15:34.291+01,33.73,17
2024-02-07 19:25:52.855+01,33.79,17
2024-02-07 19:31:02.36+01,33.78,17
2024-02-07 19:36:11.369+01,33.79,17
2024-02-07 19:41:20.725+01,33.78,17
2024-02-07 19:46:29.829+01,33.78,17
2024-02-07 19:56:48.698+01,33.9,17
2024-02-07 20:07:07.42+01,33.97,17
2024-02-07 20:12:15.867+01,34.01,17
2024-02-07 20:17:24.798+01,34.11,17
2024-02-07 20:22:34.421+01,34.13,17
2024-02-07 20:27:43.402+01,34.12,17
2024-02-07 20:32:52.55+01,34.17,17
2024-02-07 20:38:01.955+01,34.17,17
2024-02-07 20:43:11.077+01,34.18,17
2024-02-07 20:48:20.304+01,34.23,17
2024-02-07 20:53:29.372+01,34.16,17
2024-02-07 20:58:38.312+01,33.88,17
2024-02-07 21:03:46.735+01,33.65,17
2024-02-07 21:14:05.149+01,33.34,17
2024-02-07 21:19:14.581+01,33.17,17
2024-02-07 21:24:23.808+01,33.24,17
2024-02-07 21:29:33.121+01,33.12,17
2024-02-07 21:34:42.159+01,33.13,17
2024-02-07 21:39:49.875+01,33.11,17
2024-02-07 21:44:58.442+01,33.08,17
2024-02-07 21:50:07.601+01,33.04,17
2024-02-07 21:55:15.863+01,32.96,17
2024-02-07 22:00:24.114+01,32.95,17
2024-02-07 22:05:33.951+01,32.78,17
2024-02-07 22:10:41.217+01,32.65,17
2024-02-07 22:15:50.568+01,32.64,17
2024-02-07 22:21:00.348+01,32.71,17
2024-02-07 22:26:09.353+01,32.73,17
2024-02-07 22:31:18.151+01,32.72,17
2024-02-07 22:36:26.304+01,32.76,17
2024-02-07 22:41:34.74+01,32.78,17
2024-02-07 22:46:43.269+01,32.78,17
2024-02-07 22:51:52.013+01,32.84,17
2024-02-07 22:57:01.213+01,32.88,17
2024-02-07 23:02:10.547+01,32.93,17
2024-02-07 23:12:28.957+01,33.54,17
2024-02-07 23:17:37.49+01,33.52,17
2024-02-07 23:22:45.817+01,33.62,17
2024-02-07 23:27:55.086+01,33.74,17
2024-02-07 23:33:04.477+01,33.83,17
2024-02-07 23:38:13.783+01,33.92,17
2024-02-07 23:48:32.382+01,34.09,17
2024-02-07 23:53:41.608+01,34.18,17
2024-02-07 23:58:50.308+01,34.23,17
2024-02-08 00:14:18.067+01,34.49,17
2024-02-08 00:19:27.97+01,34.55,17
2024-02-08 00:24:36.014+01,34.62,17
2024-02-08 00:34:53.946+01,34.75,17
2024-02-08 00:45:12.673+01,34.88,17
2024-02-08 00:50:21.509+01,34.93,17
2024-02-08 00:55:30.8+01,34.96,17
2024-02-07 12:59:33.455+01,726.342,20
2024-02-07 13:04:42.43+01,848.2,20
2024-02-07 13:14:59.593+01,1213.92,20
2024-02-07 13:20:09.271+01,1290.92,20
2024-02-07 13:25:18.656+01,1341.58,20
2024-02-07 13:30:28.089+01,1407.95,20
2024-02-07 13:40:46.669+01,1482.48,20
2024-02-07 13:45:55.925+01,1517.39,20
2024-02-07 13:51:05.323+01,1541.43,20
2024-02-07 13:56:14.703+01,1582.3,20
2024-02-07 14:06:33.527+01,1723.63,20
2024-02-07 14:11:42.994+01,1613.45,20
2024-02-07 14:16:52.229+01,1538.62,20
2024-02-07 14:22:01.456+01,1440.29,20
2024-02-07 14:27:10.627+01,1369.73,20
2024-02-07 14:32:20.057+01,1264.95,20
2024-02-07 14:37:29.582+01,1116.3,20
2024-02-07 14:42:38.064+01,979.22,20
2024-02-07 14:47:46.501+01,798.506,20
2024-02-07 14:52:56.232+01,694.731,20
2024-02-07 14:58:05.06+01,648.444,20
2024-02-07 15:03:13.456+01,595.445,20
2024-02-07 15:08:21.997+01,578.541,20
2024-02-07 15:13:31.89+01,585.596,20
2024-02-07 15:18:40.619+01,589.246,20
2024-02-07 15:23:49.821+01,576.815,20
2024-02-07 15:28:59.242+01,582.641,20
2024-02-07 15:34:07.507+01,598.827,20
2024-02-07 15:39:16.069+01,598.201,20
2024-02-07 15:44:24.858+01,593.816,20
2024-02-07 15:49:34.077+01,596.849,20
2024-02-07 15:54:42.678+01,607.915,20
2024-02-07 15:59:50.806+01,620.636,20
2024-02-07 16:04:59.857+01,613.547,20
2024-02-07 16:10:08.502+01,612.506,20
2024-02-07 16:15:16.845+01,603.884,20
2024-02-07 16:20:26.12+01,596.505,20
2024-02-07 16:30:44.763+01,581.872,20
2024-02-07 16:41:02.371+01,604.859,20
2024-02-07 16:46:11.647+01,603.792,20
2024-02-07 16:51:20.301+01,626.342,20
2024-02-07 17:01:37.138+01,587.554,20
2024-02-07 17:06:46.352+01,568.951,20
2024-02-07 17:11:55.452+01,550.461,20
2024-02-07 17:17:04.743+01,555.569,20
2024-02-07 17:27:23.207+01,553.459,20
2024-02-07 17:42:50.404+01,530.034,20
2024-02-07 17:53:09.162+01,531.188,20
2024-02-07 17:58:18.849+01,538.268,20
2024-02-07 18:03:27.133+01,535.035,20
2024-02-07 18:08:37.046+01,544.891,20
2024-02-07 18:24:04.218+01,545.492,20
2024-02-07 18:34:21.107+01,540.444,20
2024-02-07 18:39:30.228+01,527.676,20
2024-02-07 18:44:39.763+01,536.522,20
2024-02-07 18:49:48.962+01,539.572,20
2024-02-07 18:54:58.209+01,548.136,20
2024-02-07 19:00:07.056+01,545.058,20
2024-02-07 19:05:17.436+01,529.601,20
2024-02-07 19:10:24.643+01,528.883,20
2024-02-07 19:15:34.233+01,523.877,20
2024-02-07 19:25:52.79+01,546.917,20
2024-02-07 19:31:02.039+01,532.281,20
2024-02-07 19:36:11.284+01,540.913,20
2024-02-07 19:41:20.649+01,524.907,20
2024-02-07 19:46:29.754+01,529.078,20
2024-02-07 19:56:48.548+01,540.385,20
2024-02-07 20:07:07.319+01,545.129,20
2024-02-07 20:12:15.8+01,539.474,20
2024-02-07 20:17:24.719+01,541.972,20
2024-02-07 20:22:33.928+01,542.795,20
2024-02-07 20:27:43.31+01,543.322,20
2024-02-07 20:32:52.474+01,552.388,20
2024-02-07 20:38:01.741+01,539.134,20
2024-02-07 20:43:10.993+01,549.331,20
2024-02-07 20:48:20.22+01,553.496,20
2024-02-07 20:53:29.154+01,545.877,20
2024-02-07 20:58:38.161+01,543.289,20
2024-02-07 21:03:46.642+01,550.925,20
2024-02-07 21:14:05.085+01,543.166,20
2024-02-07 21:19:14.312+01,542.851,20
2024-02-07 21:24:23.619+01,544.422,20
2024-02-07 21:29:32.691+01,546.591,20
2024-02-07 21:34:42.025+01,531.735,20
2024-02-07 21:39:49.733+01,544.378,20
2024-02-07 21:44:58.378+01,537.994,20
2024-02-07 21:50:07.453+01,537.636,20
2024-02-07 21:55:15.748+01,564.506,20
2024-02-07 22:00:24.046+01,526.954,20
2024-02-07 22:05:33.062+01,526.951,20
2024-02-07 22:10:41.1+01,526.686,20
2024-02-07 22:15:50.478+01,525.228,20
2024-02-07 22:20:59.964+01,523.621,20
2024-02-07 22:26:09.287+01,524.017,20
2024-02-07 22:31:17.959+01,536.159,20
2024-02-07 22:36:26.225+01,536.643,20
2024-02-07 22:41:34.666+01,526.562,20
2024-02-07 22:46:43.188+01,515.695,20
2024-02-07 22:51:51.763+01,534.233,20
2024-02-07 22:57:01.087+01,523.598,20
2024-02-07 23:02:10.472+01,517.417,20
2024-02-07 23:12:28.056+01,520.463,20
2024-02-07 23:17:37.44+01,517.333,20
2024-02-07 23:22:45.748+01,532.009,20
2024-02-07 23:27:55.015+01,529.137,20
2024-02-07 23:33:04.402+01,531.816,20
2024-02-07 23:38:13.708+01,531.652,20
2024-02-07 23:48:32.306+01,535.11,20
2024-02-07 23:53:41.524+01,535.977,20
2024-02-07 23:58:50.226+01,542.303,20
2024-02-08 00:14:17.995+01,532.427,20
2024-02-08 00:19:27.556+01,531.183,20
2024-02-08 00:24:35.93+01,527.728,20
2024-02-08 00:34:53.871+01,546.318,20
2024-02-08 00:45:12.251+01,538.962,20
2024-02-08 00:50:21.425+01,558.823,20
2024-02-08 00:55:30.738+01,542.728,20
2024-02-07 23:42:44.228+01,27.87,22
2024-02-07 23:47:48.877+01,27.93,22
2024-02-07 23:52:54.506+01,27.98,22
2024-02-07 23:57:59.522+01,28.07,22
2024-02-08 00:03:04.701+01,28.15,22
2024-02-08 00:08:10.008+01,28.2,22
2024-02-08 00:13:15.334+01,28.22,22
2024-02-08 00:18:20.59+01,28.25,22
2024-02-08 00:23:25.804+01,28.27,22
2024-02-08 00:28:31.173+01,28.31,22
2024-02-08 00:33:36.284+01,28.39,22
2024-02-08 00:38:41.584+01,28.36,22
2024-02-08 00:43:46.85+01,28.43,22
2024-02-08 00:48:52.112+01,28.51,22
2024-02-08 00:53:57.346+01,28.47,22
2024-02-08 00:59:02.837+01,28.53,22
2024-02-07 12:56:36.118+01,25.73,24
2024-02-07 13:01:41.885+01,25.77,24
2024-02-07 13:06:46.657+01,25.87,24
2024-02-07 13:11:52.158+01,25.94,24
2024-02-07 13:16:57.452+01,26.09,24
2024-02-07 13:22:02.646+01,26.21,24
2024-02-07 13:27:08.023+01,26.29,24
2024-02-07 13:32:13.545+01,26.35,24
2024-02-07 13:37:18.607+01,26.42,24
2024-02-07 13:42:24.635+01,26.46,24
2024-02-07 13:47:30.265+01,26.52,24
2024-02-07 13:52:34.764+01,26.57,24
2024-02-07 13:57:40.225+01,26.66,24
2024-02-07 14:02:45.542+01,26.7,24
2024-02-07 14:07:51.538+01,26.63,24
2024-02-07 14:12:55.973+01,26.52,24
2024-02-07 14:18:00.999+01,26.38,24
2024-02-07 14:23:06.536+01,26.25,24
2024-02-07 14:28:11.543+01,26.19,24
2024-02-07 14:33:16.918+01,26.15,24
2024-02-07 14:38:22.146+01,26.15,24
2024-02-07 14:43:28.1+01,26.14,24
2024-02-07 14:48:32.666+01,26.11,24
2024-02-07 14:53:37.941+01,26.04,24
2024-02-07 14:58:43.111+01,25.97,24
2024-02-07 15:03:48.387+01,25.91,24
2024-02-07 15:08:53.487+01,25.8,24
2024-02-07 15:13:58.756+01,25.76,24
2024-02-07 15:19:04.36+01,25.67,24
2024-02-07 15:24:09.594+01,25.61,24
2024-02-07 15:29:14.765+01,25.59,24
2024-02-07 15:34:20.529+01,25.6,24
2024-02-07 15:39:25.021+01,25.56,24
2024-02-07 15:44:30.239+01,25.59,24
2024-02-07 15:49:35.62+01,25.61,24
2024-02-07 15:54:40.837+01,25.73,24
2024-02-07 15:59:46.226+01,25.8,24
2024-02-07 16:04:51.379+01,25.83,24
2024-02-07 16:09:56.714+01,25.89,24
2024-02-07 16:15:02.036+01,25.88,24
2024-02-07 16:20:07.151+01,25.84,24
2024-02-07 16:25:12.431+01,25.8,24
2024-02-07 16:30:17.519+01,25.76,24
2024-02-07 16:35:22.742+01,25.74,24
2024-02-07 16:40:28.147+01,25.7,24
2024-02-07 16:45:33.169+01,25.61,24
2024-02-07 16:50:38.563+01,25.64,24
2024-02-07 16:55:43.885+01,25.6,24
2024-02-07 17:00:49.179+01,25.59,24
2024-02-07 17:05:54.255+01,25.57,24
2024-02-07 17:10:59.593+01,25.64,24
2024-02-07 17:16:04.752+01,25.76,24
2024-02-07 17:21:10.032+01,25.73,24
2024-02-07 17:26:15.377+01,25.71,24
2024-02-07 17:31:20.702+01,25.7,24
2024-02-07 17:36:26.064+01,25.64,24
2024-02-07 17:41:31.235+01,25.57,24
2024-02-07 17:46:36.29+01,25.51,24
2024-02-07 17:51:41.515+01,25.44,24
2024-02-07 17:56:46.736+01,25.36,24
2024-02-07 18:01:52.053+01,25.34,24
2024-02-07 18:06:57.347+01,25.29,24
2024-02-07 18:12:03.132+01,25.26,24
2024-02-07 18:17:08.495+01,25.21,24
2024-02-07 18:22:13.563+01,25.19,24
2024-02-07 18:27:18.797+01,25.28,24
2024-02-07 18:32:23.843+01,25.4,24
2024-02-07 18:37:29.493+01,25.46,24
2024-02-07 18:42:34.695+01,25.49,24
2024-02-07 18:47:40.037+01,25.46,24
2024-02-07 18:52:46.244+01,25.44,24
2024-02-07 18:57:50.294+01,25.42,24
2024-02-07 19:02:56.133+01,25.34,24
2024-02-07 19:08:00.825+01,25.29,24
2024-02-07 19:13:06.111+01,25.23,24
2024-02-07 19:18:11.575+01,25.19,24
2024-02-07 19:23:17.5+01,25.16,24
2024-02-07 19:28:22.009+01,25.11,24
2024-02-07 19:33:27.382+01,25.08,24
2024-02-07 19:38:32.381+01,25.16,24
2024-02-07 19:43:38.04+01,25.29,24
2024-02-07 19:48:43.302+01,25.37,24
2024-02-07 19:53:48.659+01,25.39,24
2024-02-07 19:58:53.683+01,25.36,24
2024-02-07 20:03:59.236+01,25.36,24
2024-02-07 20:09:04.171+01,25.33,24
2024-02-07 20:14:10.887+01,25.28,24
2024-02-07 20:19:14.85+01,25.21,24
2024-02-07 20:24:20.45+01,25.18,24
2024-02-07 20:29:25.284+01,25.11,24
2024-02-07 20:34:30.52+01,25.06,24
2024-02-07 20:39:35.957+01,25.05,24
2024-02-07 20:44:41.13+01,25.01,24
2024-02-07 20:49:46.338+01,25.05,24
2024-02-07 20:54:52.357+01,25.15,24
2024-02-07 20:59:57.018+01,25.29,24
2024-02-07 21:05:02.209+01,25.33,24
2024-02-07 21:10:07.414+01,25.34,24
2024-02-07 21:15:13.435+01,25.33,24
2024-02-07 21:20:18.132+01,25.3,24
2024-02-07 21:25:23.32+01,25.26,24
2024-02-07 21:30:28.591+01,25.16,24
2024-02-07 21:35:34.497+01,25.13,24
2024-02-07 21:40:39.192+01,25.08,24
2024-02-07 21:45:42.495+01,25.04,24
2024-02-07 21:50:48.037+01,25.02,24
2024-02-07 21:55:53.45+01,24.98,24
2024-02-07 22:00:58.095+01,24.94,24
2024-02-07 22:06:03.655+01,25.05,24
2024-02-07 22:11:08.795+01,25.13,24
2024-02-07 22:16:13.903+01,25.18,24
2024-02-07 22:21:20.183+01,25.18,24
2024-02-07 22:26:24.368+01,25.16,24
2024-02-07 22:31:29.938+01,25.09,24
2024-02-07 22:36:34.877+01,25.16,24
2024-02-07 22:41:40.032+01,25.25,24
2024-02-07 22:46:45.506+01,25.34,24
2024-02-07 22:51:50.685+01,25.47,24
2024-02-07 22:56:56.585+01,25.51,24
2024-02-07 23:02:01.44+01,25.6,24
2024-02-07 23:07:06.856+01,25.68,24
2024-02-07 23:12:13.142+01,25.77,24
2024-02-07 23:17:17.868+01,25.92,24
2024-02-07 23:22:22.599+01,25.98,24
2024-02-07 23:27:28.508+01,26.04,24
2024-02-07 23:32:33.053+01,26.09,24
2024-02-07 23:37:38.413+01,26.15,24
2024-02-07 23:42:44.37+01,26.24,24
2024-02-07 23:47:48.961+01,26.25,24
2024-02-07 23:52:54.581+01,26.25,24
2024-02-07 23:57:59.597+01,26.26,24
2024-02-08 00:03:04.784+01,26.29,24
2024-02-08 00:08:10.075+01,26.28,24
2024-02-08 00:13:15.426+01,26.31,24
2024-02-08 00:18:20.657+01,26.31,24
2024-02-08 00:23:25.904+01,26.32,24
2024-02-08 00:28:31.254+01,26.33,24
2024-02-08 00:33:36.343+01,26.32,24
2024-02-08 00:38:41.651+01,26.36,24
2024-02-08 00:43:46.909+01,26.39,24
2024-02-08 00:48:52.287+01,26.4,24
2024-02-08 00:53:57.405+01,26.46,24
2024-02-08 00:59:02.962+01,26.45,24
2024-02-07 12:56:35.736+01,4.57,21
2024-02-07 13:01:41.165+01,4.6,21
2024-02-07 13:06:46.364+01,4.61,21
2024-02-07 13:11:51.762+01,4.54,21
2024-02-07 13:16:57.042+01,4.6,21
2024-02-07 13:22:02.369+01,4.59,21
2024-02-07 13:27:07.722+01,4.56,21
2024-02-07 13:32:13.112+01,4.59,21
2024-02-07 13:37:18.407+01,4.57,21
2024-02-07 13:42:24.163+01,4.59,21
2024-02-07 13:47:29.184+01,4.58,21
2024-02-07 13:52:34.509+01,4.6,21
2024-02-07 13:57:39.797+01,4.55,21
2024-02-07 14:02:45.03+01,4.6,21
2024-02-07 14:07:50.359+01,4.58,21
2024-02-07 14:12:55.505+01,4.58,21
2024-02-07 14:18:00.769+01,4.6,21
2024-02-07 14:23:06.266+01,4.54,21
2024-02-07 14:28:11.325+01,4.58,21
2024-02-07 14:33:16.588+01,4.59,21
2024-02-07 14:38:21.914+01,4.54,21
2024-02-07 14:43:27.091+01,4.6,21
2024-02-07 14:48:32.294+01,4.6,21
2024-02-07 14:53:37.602+01,4.55,21
2024-02-07 14:58:42.822+01,4.62,21
2024-02-07 15:03:47.959+01,4.59,21
2024-02-07 15:08:53.221+01,4.56,21
2024-02-07 15:13:58.453+01,4.59,21
2024-02-07 15:19:03.921+01,4.57,21
2024-02-07 15:24:09.294+01,4.59,21
2024-02-07 15:29:14.524+01,4.61,21
2024-02-07 15:34:19.875+01,4.54,21
2024-02-07 15:39:24.767+01,4.57,21
2024-02-07 15:44:29.956+01,4.59,21
2024-02-07 15:49:35.348+01,4.55,21
2024-02-07 15:54:40.606+01,4.59,21
2024-02-07 15:59:45.958+01,4.57,21
2024-02-07 16:04:51.138+01,4.57,21
2024-02-07 16:09:56.447+01,4.61,21
2024-02-07 16:15:01.775+01,4.59,21
2024-02-07 16:20:06.899+01,4.58,21
2024-02-07 16:25:12.103+01,4.59,21
2024-02-07 16:30:17.327+01,4.58,21
2024-02-07 16:35:22.477+01,4.55,21
2024-02-07 16:40:27.701+01,4.6,21
2024-02-07 16:45:32.938+01,4.59,21
2024-02-07 16:50:38.321+01,4.57,21
2024-02-07 16:55:43.613+01,4.58,21
2024-02-07 17:00:48.942+01,4.59,21
2024-02-07 17:05:54.051+01,4.54,21
2024-02-07 17:10:59.36+01,4.59,21
2024-02-07 17:16:04.532+01,4.59,21
2024-02-07 17:21:09.81+01,4.54,21
2024-02-07 17:26:15.046+01,4.59,21
2024-02-07 17:31:20.328+01,4.61,21
2024-02-07 17:36:25.555+01,4.56,21
2024-02-07 17:41:30.825+01,4.59,21
2024-02-07 17:46:36.005+01,4.6,21
2024-02-07 17:51:41.287+01,4.54,21
2024-02-07 17:56:46.485+01,4.57,21
2024-02-07 18:01:51.792+01,4.59,21
2024-02-07 18:06:57.151+01,4.54,21
2024-02-07 18:12:02.388+01,4.59,21
2024-02-07 18:17:07.784+01,4.57,21
2024-02-07 18:22:13.053+01,4.58,21
2024-02-07 18:27:18.374+01,4.6,21
2024-02-07 18:32:23.505+01,4.56,21
2024-02-07 18:37:28.946+01,4.59,21
2024-02-07 18:42:34.25+01,4.58,21
2024-02-07 18:47:39.552+01,4.57,21
2024-02-07 18:52:44.75+01,4.59,21
2024-02-07 18:57:49.945+01,4.59,21
2024-02-07 19:02:55.262+01,4.56,21
2024-02-07 19:08:00.562+01,4.59,21
2024-02-07 19:13:05.834+01,4.59,21
2024-02-07 19:18:11.305+01,4.57,21
2024-02-07 19:23:17.292+01,4.6,21
2024-02-07 19:28:21.563+01,4.6,21
2024-02-07 19:33:26.973+01,4.56,21
2024-02-07 19:38:32.168+01,4.56,21
2024-02-07 19:43:37.806+01,4.59,21
2024-02-07 19:48:42.994+01,4.59,21
2024-02-07 19:53:48.148+01,4.55,21
2024-02-07 19:58:53.396+01,4.59,21
2024-02-07 20:03:58.633+01,4.58,21
2024-02-07 20:09:03.884+01,4.55,21
2024-02-07 20:14:09.306+01,4.59,21
2024-02-07 20:19:14.526+01,4.6,21
2024-02-07 20:24:19.778+01,4.54,21
2024-02-07 20:29:25.037+01,4.58,21
2024-02-07 20:34:30.286+01,4.59,21
2024-02-07 20:39:35.701+01,4.56,21
2024-02-07 20:44:40.847+01,4.59,21
2024-02-07 20:49:46.121+01,4.6,21
2024-02-07 20:54:52.032+01,4.54,21
2024-02-07 20:59:56.771+01,4.57,21
2024-02-07 21:05:01.95+01,4.59,21
2024-02-07 21:10:07.177+01,4.55,21
2024-02-07 21:15:12.459+01,4.59,21
2024-02-07 21:20:17.758+01,4.6,21
2024-02-07 21:25:23.035+01,4.57,21
2024-02-07 21:30:28.312+01,4.59,21
2024-02-07 21:35:33.653+01,4.57,21
2024-02-07 21:40:38.87+01,4.58,21
2024-02-07 21:45:42.245+01,4.6,21
2024-02-07 21:50:47.515+01,4.54,21
2024-02-07 21:55:52.783+01,4.58,21
2024-02-07 22:00:57.823+01,4.58,21
2024-02-07 22:06:03.273+01,4.59,21
2024-02-07 22:11:08.437+01,4.56,21
2024-02-07 22:16:13.69+01,4.59,21
2024-02-07 22:21:18.935+01,4.62,21
2024-02-07 22:26:24.182+01,4.54,21
2024-02-07 22:31:29.408+01,4.59,21
2024-02-07 22:36:34.596+01,4.59,21
2024-02-07 22:41:39.808+01,4.58,21
2024-02-07 22:46:45.144+01,4.58,21
2024-02-07 22:51:50.464+01,4.59,21
2024-02-07 22:56:56.016+01,4.55,21
2024-02-07 23:02:01.224+01,4.59,21
2024-02-07 23:07:06.467+01,4.58,21
2024-02-07 23:12:11.797+01,4.57,21
2024-02-07 23:17:17.234+01,4.59,21
2024-02-07 23:22:22.326+01,4.55,21
2024-02-07 23:27:27.619+01,4.59,21
2024-02-07 23:32:32.788+01,4.59,21
2024-02-07 23:37:38.094+01,4.59,21
2024-02-07 23:42:43.409+01,4.59,21
2024-02-07 23:47:48.717+01,4.54,21
2024-02-07 23:52:54.357+01,4.6,21
2024-02-07 23:57:59.312+01,4.59,21
2024-02-08 00:03:04.563+01,4.54,21
2024-02-08 00:08:09.813+01,4.58,21
2024-02-08 00:13:15.033+01,4.59,21
2024-02-08 00:18:20.279+01,4.54,21
2024-02-08 00:23:25.634+01,4.58,21
2024-02-08 00:28:30.947+01,4.59,21
2024-02-08 00:33:36.115+01,4.55,21
2024-02-08 00:38:41.305+01,4.57,21
2024-02-08 00:43:46.632+01,4.59,21
2024-02-08 00:48:51.885+01,4.55,21
2024-02-08 00:53:57.202+01,4.59,21
2024-02-08 00:59:02.544+01,4.58,21
2024-02-07 12:56:35.883+01,767.886,25
2024-02-07 13:01:41.373+01,1042.46,25
2024-02-07 13:06:46.506+01,1050.49,25
2024-02-07 13:11:51.91+01,1082.22,25
2024-02-07 13:16:57.162+01,1121,25
2024-02-07 13:22:02.458+01,1171.26,25
2024-02-07 13:27:07.848+01,1238.11,25
2024-02-07 13:32:13.192+01,1271.46,25
2024-02-07 13:37:18.481+01,1309.31,25
2024-02-07 13:42:24.259+01,1334.71,25
2024-02-07 13:47:29.555+01,1386.59,25
2024-02-07 13:52:34.614+01,1412.61,25
2024-02-07 13:57:40.024+01,1451.16,25
2024-02-07 14:02:45.119+01,1474.27,25
2024-02-07 14:07:51.105+01,1454.89,25
2024-02-07 14:12:55.705+01,1341.28,25
2024-02-07 14:18:00.866+01,1324.95,25
2024-02-07 14:23:06.386+01,1186.22,25
2024-02-07 14:28:11.403+01,1100.08,25
2024-02-07 14:33:16.684+01,1057.2,25
2024-02-07 14:38:22.016+01,960.024,25
2024-02-07 14:43:27.272+01,882.359,25
2024-02-07 14:48:32.374+01,785.687,25
2024-02-07 14:53:37.756+01,727.627,25
2024-02-07 14:58:42.91+01,678.979,25
2024-02-07 15:03:48.044+01,645.825,25
2024-02-07 15:08:53.313+01,613.788,25
2024-02-07 15:13:58.561+01,585.356,25
2024-02-07 15:19:04.006+01,578.823,25
2024-02-07 15:24:09.406+01,571.808,25
2024-02-07 15:29:14.64+01,557.648,25
2024-02-07 15:34:19.987+01,544.419,25
2024-02-07 15:39:24.881+01,540.141,25
2024-02-07 15:44:30.097+01,555.364,25
2024-02-07 15:49:35.43+01,585.886,25
2024-02-07 15:54:40.709+01,613.186,25
2024-02-07 15:59:46.034+01,613.698,25
2024-02-07 16:04:51.229+01,596.747,25
2024-02-07 16:09:56.523+01,568.469,25
2024-02-07 16:15:01.901+01,555.515,25
2024-02-07 16:20:07.001+01,547.033,25
2024-02-07 16:25:12.196+01,541.699,25
2024-02-07 16:30:17.393+01,548.477,25
2024-02-07 16:35:22.578+01,548.649,25
2024-02-07 16:40:27.863+01,548.74,25
2024-02-07 16:45:33.006+01,541.157,25
2024-02-07 16:50:38.4+01,539.88,25
2024-02-07 16:55:43.717+01,541.878,25
2024-02-07 17:00:49.02+01,530.516,25
2024-02-07 17:05:54.133+01,530.158,25
2024-02-07 17:10:59.453+01,519.975,25
2024-02-07 17:16:04.635+01,512.161,25
2024-02-07 17:21:09.898+01,492.612,25
2024-02-07 17:26:15.166+01,477.618,25
2024-02-07 17:31:20.535+01,468.222,25
2024-02-07 17:36:25.638+01,463.447,25
2024-02-07 17:41:30.982+01,453.131,25
2024-02-07 17:46:36.138+01,451.246,25
2024-02-07 17:51:41.381+01,444.702,25
2024-02-07 17:56:46.598+01,441.796,25
2024-02-07 18:01:51.902+01,441.557,25
2024-02-07 18:06:57.222+01,443.017,25
2024-02-07 18:12:02.699+01,441.693,25
2024-02-07 18:17:08.004+01,437.291,25
2024-02-07 18:22:13.411+01,441.174,25
2024-02-07 18:27:18.68+01,441.332,25
2024-02-07 18:32:23.623+01,442.551,25
2024-02-07 18:37:29.039+01,440.915,25
2024-02-07 18:42:34.52+01,442.596,25
2024-02-07 18:47:39.64+01,441.011,25
2024-02-07 18:52:45.769+01,438.528,25
2024-02-07 18:57:50.044+01,437.163,25
2024-02-07 19:02:55.391+01,445.719,25
2024-02-07 19:08:00.646+01,442.375,25
2024-02-07 19:13:05.937+01,439.429,25
2024-02-07 19:18:11.416+01,433.719,25
2024-02-07 19:23:17.35+01,437.204,25
2024-02-07 19:28:21.641+01,437.972,25
2024-02-07 19:33:27.164+01,438.464,25
2024-02-07 19:38:32.247+01,439.103,25
2024-02-07 19:43:37.867+01,442.636,25
2024-02-07 19:48:43.081+01,443.184,25
2024-02-07 19:53:48.213+01,445.837,25
2024-02-07 19:58:53.532+01,440.825,25
2024-02-07 20:03:58.717+01,442.43,25
2024-02-07 20:09:03.977+01,448.491,25
2024-02-07 20:14:09.847+01,449.444,25
2024-02-07 20:19:14.608+01,447.331,25
2024-02-07 20:24:19.965+01,446.324,25
2024-02-07 20:29:25.107+01,448.59,25
2024-02-07 20:34:30.361+01,447.908,25
2024-02-07 20:39:35.805+01,441.127,25
2024-02-07 20:44:40.955+01,443.859,25
2024-02-07 20:49:46.204+01,442.517,25
2024-02-07 20:54:52.107+01,449.695,25
2024-02-07 20:59:56.86+01,448.351,25
2024-02-07 21:05:02.05+01,453.239,25
2024-02-07 21:10:07.256+01,447.42,25
2024-02-07 21:15:13.2+01,453.673,25
2024-02-07 21:20:17.898+01,449.161,25
2024-02-07 21:25:23.112+01,450.022,25
2024-02-07 21:30:28.401+01,453.336,25
2024-02-07 21:35:34.175+01,449.828,25
2024-02-07 21:40:39.003+01,450.359,25
2024-02-07 21:45:42.319+01,449.01,25
2024-02-07 21:50:47.596+01,451.665,25
2024-02-07 21:55:53.011+01,453.013,25
2024-02-07 22:00:57.926+01,443.975,25
2024-02-07 22:06:03.41+01,448.103,25
2024-02-07 22:11:08.648+01,443.387,25
2024-02-07 22:16:13.762+01,447.13,25
2024-02-07 22:21:19.122+01,442.225,25
2024-02-07 22:26:24.252+01,438.502,25
2024-02-07 22:31:29.513+01,437.566,25
2024-02-07 22:36:34.667+01,437.02,25
2024-02-07 22:41:39.894+01,439.725,25
2024-02-07 22:46:45.255+01,438.961,25
2024-02-07 22:51:50.55+01,434.664,25
2024-02-07 22:56:56.199+01,429.914,25
2024-02-07 23:02:01.306+01,429.176,25
2024-02-07 23:07:06.656+01,432.942,25
2024-02-07 23:12:11.981+01,434.925,25
2024-02-07 23:17:17.312+01,432.455,25
2024-02-07 23:22:22.457+01,433.652,25
2024-02-07 23:27:27.823+01,438.557,25
2024-02-07 23:32:32.901+01,438.504,25
2024-02-07 23:37:38.22+01,438.808,25
2024-02-07 23:42:43.543+01,442.393,25
2024-02-07 23:47:48.811+01,444.408,25
2024-02-07 23:52:54.433+01,438.245,25
2024-02-07 23:57:59.444+01,435.097,25
2024-02-08 00:03:04.627+01,443.383,25
2024-02-08 00:08:09.924+01,443.117,25
2024-02-08 00:13:15.192+01,442.839,25
2024-02-08 00:18:20.509+01,445.587,25
2024-02-08 00:23:25.738+01,443.364,25
2024-02-08 00:28:31.039+01,440.806,25
2024-02-08 00:33:36.192+01,438.84,25
2024-02-08 00:38:41.387+01,440.755,25
2024-02-08 00:43:46.759+01,441.338,25
2024-02-08 00:48:52.025+01,436.455,25
2024-02-08 00:53:57.288+01,440.363,25
2024-02-08 00:59:02.678+01,435.386,25
2024-02-07 12:59:31.88+01,4.57,26
2024-02-07 13:04:40.326+01,4.57,26
2024-02-07 13:09:49.748+01,4.56,26
2024-02-07 13:14:58.066+01,4.57,26
2024-02-07 13:20:06.515+01,4.56,26
2024-02-07 13:25:15.608+01,4.55,26
2024-02-07 13:30:24.014+01,4.56,26
2024-02-07 13:35:33.314+01,4.57,26
2024-02-07 13:40:42.952+01,4.56,26
2024-02-07 13:45:51.445+01,4.56,26
2024-02-07 13:51:00.293+01,4.56,26
2024-02-07 13:56:08.894+01,4.56,26
2024-02-07 14:01:17.188+01,4.55,26
2024-02-07 14:06:26.169+01,4.57,26
2024-02-07 14:11:34.563+01,4.57,26
2024-02-07 14:16:42.826+01,4.56,26
2024-02-07 14:21:51.634+01,4.56,26
2024-02-07 14:26:59.978+01,4.57,26
2024-02-07 14:32:08.971+01,4.56,26
2024-02-07 14:37:17.812+01,4.56,26
2024-02-07 14:42:26.263+01,4.56,26
2024-02-07 14:47:35.383+01,4.55,26
2024-02-07 14:52:43.897+01,4.55,26
2024-02-07 14:57:52.349+01,4.56,26
2024-02-07 15:03:01.586+01,4.55,26
2024-02-07 15:08:10.327+01,4.56,26
2024-02-07 15:13:19.382+01,4.57,26
2024-02-07 15:18:27.734+01,4.57,26
2024-02-07 15:23:36.036+01,4.55,26
2024-02-07 15:28:45.352+01,4.57,26
2024-02-07 15:33:53.555+01,4.55,26
2024-02-07 15:39:01.783+01,4.55,26
2024-02-07 15:44:10.894+01,4.56,26
2024-02-07 15:49:19.401+01,4.56,26
2024-02-07 15:54:27.874+01,4.54,26
2024-02-07 15:59:37.131+01,4.56,26
2024-02-07 16:04:45.527+01,4.57,26
2024-02-07 16:09:54.009+01,4.57,26
2024-02-07 16:15:03.42+01,4.56,26
2024-02-07 16:20:11.732+01,4.55,26
2024-02-07 16:25:20.141+01,4.56,26
2024-02-07 16:30:29.968+01,4.57,26
2024-02-07 16:35:38.345+01,4.56,26
2024-02-07 16:40:46.707+01,4.57,26
2024-02-07 16:45:55.131+01,4.55,26
2024-02-07 16:51:04.178+01,4.55,26
2024-02-07 16:56:12.708+01,4.55,26
2024-02-07 17:01:22.024+01,4.56,26
2024-02-07 17:06:30.469+01,4.57,26
2024-02-07 17:11:38.99+01,4.55,26
2024-02-07 17:16:48.129+01,4.57,26
2024-02-07 17:21:56.645+01,4.56,26
2024-02-07 17:27:05.213+01,4.56,26
2024-02-07 17:32:12.377+01,4.55,26
2024-02-07 17:37:20.781+01,4.56,26
2024-02-07 17:42:29.251+01,4.56,26
2024-02-07 17:47:37.515+01,4.56,26
2024-02-07 17:52:46.508+01,4.57,26
2024-02-07 17:57:54.922+01,4.56,26
2024-02-07 18:03:03.29+01,4.56,26
2024-02-07 18:08:11.681+01,4.57,26
2024-02-07 18:13:21.066+01,4.56,26
2024-02-07 18:18:29.571+01,4.56,26
2024-02-07 18:23:38.812+01,4.56,26
2024-02-07 18:28:47.245+01,4.56,26
2024-02-07 18:33:55.651+01,4.56,26
2024-02-07 18:39:04.054+01,4.56,26
2024-02-07 18:44:12.636+01,4.56,26
2024-02-07 18:49:20.965+01,4.56,26
2024-02-07 18:54:29.375+01,4.56,26
2024-02-07 18:59:38.483+01,4.56,26
2024-02-07 19:04:47.068+01,4.56,26
2024-02-07 19:09:55.388+01,4.57,26
2024-02-07 19:15:03.82+01,4.56,26
2024-02-07 19:20:12.318+01,4.55,26
2024-02-07 19:25:20.62+01,4.56,26
2024-02-07 19:30:29.023+01,4.57,26
2024-02-07 19:35:37.518+01,4.57,26
2024-02-07 19:40:46.738+01,4.56,26
2024-02-07 19:45:55.25+01,4.56,26
2024-02-07 19:51:03.715+01,4.55,26
2024-02-07 19:56:12.009+01,4.55,26
2024-02-07 20:01:20.459+01,4.56,26
2024-02-07 20:06:28.932+01,4.56,26
2024-02-07 20:11:38.229+01,4.56,26
2024-02-07 20:16:46.902+01,4.55,26
2024-02-07 20:21:55.202+01,4.57,26
2024-02-07 20:27:04.573+01,4.57,26
2024-02-07 20:32:13.147+01,4.56,26
2024-02-07 20:37:21.648+01,4.57,26
2024-02-07 20:42:30.531+01,4.56,26
2024-02-07 20:47:39.513+01,4.56,26
2024-02-07 20:52:48.032+01,4.55,26
2024-02-07 20:57:56.581+01,4.56,26
2024-02-07 21:03:05.006+01,4.56,26
2024-02-07 21:08:14.389+01,4.56,26
2024-02-07 21:13:22.972+01,4.56,26
2024-02-07 21:18:31.314+01,4.56,26
2024-02-07 21:23:39.637+01,4.57,26
2024-02-07 21:28:48.272+01,4.57,26
2024-02-07 21:33:57.648+01,4.56,26
2024-02-07 21:39:06.18+01,4.55,26
2024-02-07 21:44:14.56+01,4.57,26
2024-02-07 21:49:23.168+01,4.55,26
2024-02-07 21:54:31.7+01,4.55,26
2024-02-07 21:59:41.092+01,4.57,26
2024-02-07 22:04:49.679+01,4.56,26
2024-02-07 22:09:59.053+01,4.57,26
2024-02-07 22:15:07.526+01,4.56,26
2024-02-07 22:20:16.989+01,4.57,26
2024-02-07 22:25:25.47+01,4.57,26
2024-02-07 22:30:34.4+01,4.56,26
2024-02-07 22:35:43.322+01,4.55,26
2024-02-07 22:40:51.64+01,4.56,26
2024-02-07 22:46:00.083+01,4.56,26
2024-02-07 22:51:09.233+01,4.56,26
2024-02-07 22:56:17.692+01,4.57,26
2024-02-07 23:01:26.279+01,4.56,26
2024-02-07 23:06:35.533+01,4.57,26
2024-02-07 23:11:44.07+01,4.56,26
2024-02-07 23:16:52.462+01,4.56,26
2024-02-07 23:22:00.971+01,4.56,26
2024-02-07 23:27:09.386+01,4.57,26
2024-02-07 23:32:17.929+01,4.56,26
2024-02-07 23:37:27.064+01,4.56,26
2024-02-07 23:42:35.573+01,4.57,26
2024-02-07 23:47:44.09+01,4.56,26
2024-02-07 23:52:53.337+01,4.56,26
2024-02-07 23:58:01.758+01,4.56,26
2024-02-08 00:03:10.393+01,4.56,26
2024-02-08 00:08:19.84+01,4.56,26
2024-02-08 00:13:28.26+01,4.56,26
2024-02-08 00:18:36.856+01,4.56,26
2024-02-08 00:23:45.191+01,4.56,26
2024-02-08 00:28:53.665+01,4.57,26
2024-02-08 00:34:02.978+01,4.56,26
2024-02-08 00:39:11.227+01,4.55,26
2024-02-08 00:44:19.798+01,4.56,26
2024-02-08 00:49:28.177+01,4.55,26
2024-02-08 00:54:37.111+01,4.57,26
2024-02-08 00:59:45.696+01,4.56,26
2024-02-07 12:59:32.525+01,50.1,27
2024-02-07 13:04:40.756+01,49.87,27
2024-02-07 13:09:49.959+01,49.87,27
2024-02-07 13:14:58.253+01,49.97,27
2024-02-07 13:20:06.672+01,49.97,27
2024-02-07 13:25:15.852+01,49.9,27
2024-02-07 13:30:24.31+01,49.87,27
2024-02-07 13:35:33.504+01,49.92,27
2024-02-07 13:40:43.427+01,49.92,27
2024-02-07 13:45:51.595+01,49.94,27
2024-02-07 13:51:00.454+01,50.04,27
2024-02-07 13:56:09.433+01,49.93,27
2024-02-07 14:01:17.412+01,49.85,27
2024-02-07 14:06:26.32+01,47.42,27
2024-02-07 14:11:34.841+01,46.01,27
2024-02-07 14:16:43.327+01,45.53,27
2024-02-07 14:21:51.87+01,44.92,27
2024-02-07 14:27:00.232+01,44.6,27
2024-02-07 14:32:09.402+01,44.08,27
2024-02-07 14:37:18.057+01,43.66,27
2024-02-07 14:42:26.475+01,44.94,27
2024-02-07 14:47:35.566+01,45.23,27
2024-02-07 14:52:44.108+01,45.29,27
2024-02-07 14:57:52.571+01,45.4,27
2024-02-07 15:03:01.882+01,45.5,27
2024-02-07 15:08:10.467+01,45.62,27
2024-02-07 15:13:19.692+01,45.95,27
2024-02-07 15:18:27.905+01,46.26,27
2024-02-07 15:23:36.217+01,46.52,27
2024-02-07 15:28:45.583+01,46.81,27
2024-02-07 15:33:53.698+01,47.04,27
2024-02-07 15:39:02.098+01,47.25,27
2024-02-07 15:44:11.217+01,47.49,27
2024-02-07 15:49:19.557+01,47.62,27
2024-02-07 15:54:28.862+01,47.86,27
2024-02-07 15:59:37.3+01,47.9,27
2024-02-07 16:04:46.023+01,48.04,27
2024-02-07 16:09:54.203+01,48.21,27
2024-02-07 16:15:03.588+01,48.72,27
2024-02-07 16:20:11.888+01,49.07,27
2024-02-07 16:25:20.311+01,49.32,27
2024-02-07 16:30:30.613+01,49.48,27
2024-02-07 16:35:38.732+01,49.49,27
2024-02-07 16:40:46.869+01,49.65,27
2024-02-07 16:45:55.311+01,49.74,27
2024-02-07 16:51:04.329+01,49.75,27
2024-02-07 16:56:12.843+01,49.71,27
2024-02-07 17:01:22.18+01,49.73,27
2024-02-07 17:06:30.67+01,49.83,27
2024-02-07 17:11:39.204+01,49.81,27
2024-02-07 17:16:48.284+01,49.86,27
2024-02-07 17:21:57.383+01,49.71,27
2024-02-07 17:27:05.938+01,49.77,27
2024-02-07 17:32:12.526+01,49.74,27
2024-02-07 17:37:20.946+01,49.5,27
2024-02-07 17:42:29.792+01,49.48,27
2024-02-07 17:47:37.801+01,49.73,27
2024-02-07 17:52:47.003+01,49.84,27
2024-02-07 17:57:55.147+01,49.59,27
2024-02-07 18:03:03.471+01,49.57,27
2024-02-07 18:08:12.319+01,49.65,27
2024-02-07 18:13:21.66+01,49.76,27
2024-02-07 18:18:29.775+01,49.77,27
2024-02-07 18:23:39.019+01,49.79,27
2024-02-07 18:28:47.432+01,49.76,27
2024-02-07 18:33:55.869+01,49.69,27
2024-02-07 18:39:04.194+01,49.6,27
2024-02-07 18:44:12.811+01,49.52,27
2024-02-07 18:49:21.195+01,49.39,27
2024-02-07 18:54:30.089+01,49.32,27
2024-02-07 18:59:39.103+01,49.27,27
2024-02-07 19:04:47.46+01,49.28,27
2024-02-07 19:09:55.971+01,49.32,27
2024-02-07 19:15:03.973+01,49.3,27
2024-02-07 19:20:12.477+01,49.39,27
2024-02-07 19:25:20.833+01,49.44,27
2024-02-07 19:30:29.213+01,49.45,27
2024-02-07 19:35:37.859+01,49.5,27
2024-02-07 19:40:47.1+01,49.51,27
2024-02-07 19:45:55.412+01,49.48,27
2024-02-07 19:51:03.859+01,49.49,27
2024-02-07 19:56:12.329+01,49.51,27
2024-02-07 20:01:21.62+01,49.53,27
2024-02-07 20:06:29.407+01,49.54,27
2024-02-07 20:11:38.513+01,49.56,27
2024-02-07 20:16:47.165+01,49.54,27
2024-02-07 20:21:55.368+01,49.48,27
2024-02-07 20:27:04.722+01,49.39,27
2024-02-07 20:32:13.272+01,49.29,27
2024-02-07 20:37:21.806+01,49.19,27
2024-02-07 20:42:31.867+01,49.12,27
2024-02-07 20:47:40.461+01,49.05,27
2024-02-07 20:52:48.87+01,48.97,27
2024-02-07 20:57:56.732+01,48.92,27
2024-02-07 21:03:05.168+01,48.91,27
2024-02-07 21:08:14.573+01,48.9,27
2024-02-07 21:13:23.134+01,48.9,27
2024-02-07 21:18:31.536+01,48.95,27
2024-02-07 21:23:40.389+01,49.01,27
2024-02-07 21:28:48.511+01,49.07,27
2024-02-07 21:33:57.863+01,49.1,27
2024-02-07 21:39:06.461+01,49.13,27
2024-02-07 21:44:14.698+01,49.13,27
2024-02-07 21:49:23.436+01,49.17,27
2024-02-07 21:54:31.977+01,49.17,27
2024-02-07 21:59:41.339+01,49.17,27
2024-02-07 22:04:49.846+01,49.14,27
2024-02-07 22:09:59.207+01,49.1,27
2024-02-07 22:15:07.701+01,49.05,27
2024-02-07 22:20:17.159+01,49,27
2024-02-07 22:25:25.653+01,48.95,27
2024-02-07 22:30:35.05+01,48.89,27
2024-02-07 22:35:43.749+01,48.87,27
2024-02-07 22:40:51.966+01,48.8,27
2024-02-07 22:46:00.317+01,48.81,27
2024-02-07 22:51:09.396+01,48.79,27
2024-02-07 22:56:17.985+01,48.81,27
2024-02-07 23:01:26.407+01,48.82,27
2024-02-07 23:06:35.67+01,48.88,27
2024-02-07 23:11:44.374+01,48.89,27
2024-02-07 23:16:52.659+01,48.91,27
2024-02-07 23:22:01.158+01,48.94,27
2024-02-07 23:27:09.968+01,48.94,27
2024-02-07 23:32:18.114+01,48.96,27
2024-02-07 23:37:27.367+01,48.95,27
2024-02-07 23:42:36.021+01,48.93,27
2024-02-07 23:47:44.27+01,48.9,27
2024-02-07 23:52:53.539+01,48.84,27
2024-02-07 23:58:01.922+01,48.81,27
2024-02-08 00:03:10.927+01,48.72,27
2024-02-08 00:08:20.366+01,48.71,27
2024-02-08 00:13:28.463+01,48.65,27
2024-02-08 00:18:37.128+01,48.61,27
2024-02-08 00:23:45.469+01,48.56,27
2024-02-08 00:28:55.193+01,48.55,27
2024-02-08 00:34:03.107+01,48.55,27
2024-02-08 00:39:11.446+01,48.55,27
2024-02-08 00:44:20.045+01,48.56,27
